,line,sex,chro,censor,day,allele
1,L1,F,B,1,3,L
2,L1,F,B,1,17,L
3,L1,F,B,1,17,L
4,L1,F,B,1,19,L
5,L1,F,B,1,19,L
6,L1,F,B,1,21,L
7,L1,F,B,1,21,L
8,L1,F,B,1,21,L
9,L1,F,B,1,24,L
10,L1,F,B,1,24,L
11,L1,F,B,1,24,L
12,L1,F,B,1,24,L
13,L1,F,B,1,24,L
14,L1,F,B,1,24,L
15,L1,F,B,1,26,L
16,L1,F,B,1,26,L
17,L1,F,B,1,26,L
18,L1,F,B,1,28,L
19,L1,F,B,1,28,L
20,L1,F,B,1,28,L
21,L1,F,B,1,28,L
22,L1,F,B,1,31,L
23,L1,F,B,1,31,L
24,L1,F,B,1,31,L
25,L1,F,B,1,31,L
26,L1,F,B,1,31,L
27,L1,F,B,1,31,L
28,L1,F,B,1,31,L
29,L1,F,B,1,31,L
30,L1,F,B,1,31,L
31,L1,F,B,1,31,L
32,L1,F,B,1,31,L
33,L1,F,B,1,31,L
34,L1,F,B,1,33,L
35,L1,F,B,1,33,L
36,L1,F,B,1,33,L
37,L1,F,B,1,33,L
38,L1,F,B,1,33,L
39,L1,F,B,1,33,L
40,L1,F,B,1,33,L
41,L1,F,B,1,33,L
42,L1,F,B,1,33,L
43,L1,F,B,1,33,L
44,L1,F,B,1,33,L
45,L1,F,B,1,35,L
46,L1,F,B,1,35,L
47,L1,F,B,1,35,L
48,L1,F,B,1,38,L
49,L1,F,B,1,38,L
50,L1,F,B,1,38,L
51,L1,F,B,1,38,L
52,L1,F,B,1,38,L
53,L1,F,B,1,38,L
54,L1,F,B,1,38,L
55,L1,F,B,1,38,L
56,L1,F,B,1,38,L
57,L1,F,B,1,38,L
58,L1,F,B,1,38,L
59,L1,F,B,1,40,L
60,L1,F,B,1,45,L
61,L1,F,B,1,45,L
62,L1,F,B,1,45,L
63,L1,F,B,1,45,L
64,L1,F,B,1,45,L
65,L1,F,B,1,45,L
66,L1,F,B,1,45,L
67,L1,F,B,1,45,L
68,L1,F,B,1,45,L
69,L1,F,B,1,45,L
70,L1,F,B,1,45,L
71,L1,F,B,1,47,L
72,L1,F,B,1,47,L
73,L1,F,B,1,52,L
74,L1,F,B,1,52,L
75,L1,F,B,1,52,L
76,L1,F,B,1,56,L
77,L1,F,B,1,59,L
78,L1,F,B,1,61,L
79,L1,F,B,1,63,L
80,L1,F,B,1,70,L
81,L1,F,B,1,73,L
82,L1,F,B,1,75,L
83,L1,F,B,1,80,L
84,L1,F,B,0,7,L
85,L1,F,B,0,17,L
86,L1,F,B,0,19,L
87,L1,F,B,0,24,L
88,L1,F,B,0,40,L
89,L2,F,B,1,3,L
90,L2,F,B,1,3,L
91,L2,F,B,1,5,L
92,L2,F,B,1,12,L
93,L2,F,B,1,12,L
94,L2,F,B,1,14,L
95,L2,F,B,1,14,L
96,L2,F,B,1,17,L
97,L2,F,B,1,17,L
98,L2,F,B,1,17,L
99,L2,F,B,1,17,L
100,L2,F,B,1,19,L
101,L2,F,B,1,19,L
102,L2,F,B,1,19,L
103,L2,F,B,1,19,L
104,L2,F,B,1,21,L
105,L2,F,B,1,21,L
106,L2,F,B,1,21,L
107,L2,F,B,1,24,L
108,L2,F,B,1,24,L
109,L2,F,B,1,24,L
110,L2,F,B,1,24,L
111,L2,F,B,1,24,L
112,L2,F,B,1,24,L
113,L2,F,B,1,24,L
114,L2,F,B,1,26,L
115,L2,F,B,1,26,L
116,L2,F,B,1,28,L
117,L2,F,B,1,28,L
118,L2,F,B,1,28,L
119,L2,F,B,1,28,L
120,L2,F,B,1,31,L
121,L2,F,B,1,31,L
122,L2,F,B,1,31,L
123,L2,F,B,1,33,L
124,L2,F,B,1,33,L
125,L2,F,B,1,33,L
126,L2,F,B,1,33,L
127,L2,F,B,1,33,L
128,L2,F,B,1,33,L
129,L2,F,B,1,35,L
130,L2,F,B,1,35,L
131,L2,F,B,1,35,L
132,L2,F,B,1,38,L
133,L2,F,B,1,40,L
134,L2,F,B,1,40,L
135,L2,F,B,1,40,L
136,L2,F,B,1,45,L
137,L2,F,B,1,45,L
138,L2,F,B,1,45,L
139,L2,F,B,1,45,L
140,L2,F,B,1,45,L
141,L2,F,B,1,47,L
142,L2,F,B,1,47,L
143,L2,F,B,1,49,L
144,L2,F,B,1,49,L
145,L2,F,B,1,49,L
146,L2,F,B,1,52,L
147,L2,F,B,1,52,L
148,L2,F,B,1,52,L
149,L2,F,B,1,52,L
150,L2,F,B,1,52,L
151,L2,F,B,1,54,L
152,L2,F,B,1,59,L
153,L2,F,B,1,59,L
154,L2,F,B,1,66,L
155,L2,F,B,1,66,L
156,L2,F,B,1,66,L
157,L2,F,B,1,70,L
158,L2,F,B,1,70,L
159,L2,F,B,1,70,L
160,L2,F,B,1,70,L
161,L2,F,B,1,73,L
162,L2,F,B,1,75,L
163,L2,F,B,1,77,L
164,L2,F,B,1,80,L
165,L2,F,B,1,80,L
166,L2,F,B,1,80,L
167,L2,F,B,0,7,L
168,L2,F,B,0,7,L
169,L2,F,B,0,12,L
170,L2,F,B,0,24,L
171,L2,F,B,0,26,L
172,L2,F,B,0,26,L
173,L2,F,B,0,35,L
174,L2,F,B,0,40,L
175,L3,F,B,1,3,L
176,L3,F,B,1,3,L
177,L3,F,B,1,3,L
178,L3,F,B,1,3,L
179,L3,F,B,1,5,L
180,L3,F,B,1,10,L
181,L3,F,B,1,12,L
182,L3,F,B,1,17,L
183,L3,F,B,1,19,L
184,L3,F,B,1,24,L
185,L3,F,B,1,24,L
186,L3,F,B,1,24,L
187,L3,F,B,1,26,L
188,L3,F,B,1,28,L
189,L3,F,B,1,31,L
190,L3,F,B,1,31,L
191,L3,F,B,1,31,L
192,L3,F,B,1,31,L
193,L3,F,B,1,31,L
194,L3,F,B,1,31,L
195,L3,F,B,1,31,L
196,L3,F,B,1,33,L
197,L3,F,B,1,33,L
198,L3,F,B,1,33,L
199,L3,F,B,1,33,L
200,L3,F,B,1,33,L
201,L3,F,B,1,33,L
202,L3,F,B,1,33,L
203,L3,F,B,1,33,L
204,L3,F,B,1,33,L
205,L3,F,B,1,33,L
206,L3,F,B,1,33,L
207,L3,F,B,1,33,L
208,L3,F,B,1,35,L
209,L3,F,B,1,38,L
210,L3,F,B,1,38,L
211,L3,F,B,1,38,L
212,L3,F,B,1,38,L
213,L3,F,B,1,38,L
214,L3,F,B,1,38,L
215,L3,F,B,1,38,L
216,L3,F,B,1,38,L
217,L3,F,B,1,38,L
218,L3,F,B,1,38,L
219,L3,F,B,1,40,L
220,L3,F,B,1,45,L
221,L3,F,B,1,45,L
222,L3,F,B,1,45,L
223,L3,F,B,1,45,L
224,L3,F,B,1,45,L
225,L3,F,B,1,45,L
226,L3,F,B,1,45,L
227,L3,F,B,1,45,L
228,L3,F,B,1,47,L
229,L3,F,B,1,47,L
230,L3,F,B,1,47,L
231,L3,F,B,1,47,L
232,L3,F,B,1,49,L
233,L3,F,B,1,52,L
234,L3,F,B,1,52,L
235,L3,F,B,1,54,L
236,L3,F,B,1,54,L
237,L3,F,B,1,54,L
238,L3,F,B,1,56,L
239,L3,F,B,1,56,L
240,L3,F,B,1,56,L
241,L3,F,B,1,59,L
242,L3,F,B,1,59,L
243,L3,F,B,1,66,L
244,L3,F,B,1,70,L
245,L3,F,B,1,73,L
246,L3,F,B,1,77,L
247,L3,F,B,1,77,L
248,L3,F,B,1,80,L
249,L3,F,B,1,80,L
250,L3,F,B,1,80,L
251,L3,F,B,1,82,L
252,L3,F,B,0,7,L
253,L3,F,B,0,12,L
254,L3,F,B,0,21,L
255,L3,F,B,0,2,L
256,L3,F,B,0,28,L
257,L3,F,B,0,28,L
258,L1,F,D,1,3,L
259,L1,F,D,1,3,L
260,L1,F,D,1,3,L
261,L1,F,D,1,3,L
262,L1,F,D,1,3,L
263,L1,F,D,1,3,L
264,L1,F,D,1,3,L
265,L1,F,D,1,3,L
266,L1,F,D,1,3,L
267,L1,F,D,1,5,L
268,L1,F,D,1,5,L
269,L1,F,D,1,7,L
270,L1,F,D,1,7,L
271,L1,F,D,1,14,L
272,L1,F,D,1,17,L
273,L1,F,D,1,17,L
274,L1,F,D,1,19,L
275,L1,F,D,1,19,L
276,L1,F,D,1,21,L
277,L1,F,D,1,21,L
278,L1,F,D,1,21,L
279,L1,F,D,1,24,L
280,L1,F,D,1,33,L
281,L1,F,D,1,33,L
282,L1,F,D,1,33,L
283,L1,F,D,1,33,L
284,L1,F,D,1,33,L
285,L1,F,D,1,33,L
286,L1,F,D,1,33,L
287,L1,F,D,1,35,L
288,L1,F,D,1,35,L
289,L1,F,D,1,35,L
290,L1,F,D,1,35,L
291,L1,F,D,1,38,L
292,L1,F,D,1,38,L
293,L1,F,D,1,38,L
294,L1,F,D,1,40,L
295,L1,F,D,1,40,L
296,L1,F,D,1,45,L
297,L1,F,D,1,45,L
298,L1,F,D,1,45,L
299,L1,F,D,1,47,L
300,L1,F,D,1,49,L
301,L1,F,D,1,49,L
302,L1,F,D,1,49,L
303,L1,F,D,1,49,L
304,L1,F,D,1,52,L
305,L1,F,D,1,52,L
306,L1,F,D,1,52,L
307,L1,F,D,1,54,L
308,L1,F,D,1,59,L
309,L1,F,D,1,59,L
310,L1,F,D,1,59,L
311,L1,F,D,1,59,L
312,L1,F,D,1,59,L
313,L1,F,D,1,61,L
314,L1,F,D,1,61,L
315,L1,F,D,1,61,L
316,L1,F,D,1,63,L
317,L1,F,D,1,63,L
318,L1,F,D,1,63,L
319,L1,F,D,1,66,L
320,L1,F,D,1,66,L
321,L1,F,D,1,66,L
322,L1,F,D,1,66,L
323,L1,F,D,1,66,L
324,L1,F,D,1,66,L
325,L1,F,D,1,66,L
326,L1,F,D,1,73,L
327,L1,F,D,1,73,L
328,L1,F,D,1,73,L
329,L1,F,D,1,73,L
330,L1,F,D,1,73,L
331,L1,F,D,1,75,L
332,L1,F,D,1,75,L
333,L1,F,D,1,82,L
334,L1,F,D,0,14,L
335,L1,F,D,0,21,L
336,L1,F,D,0,31,L
337,L1,F,D,0,33,L
338,L1,F,D,0,35,L
339,L1,F,D,0,35,L
340,L2,F,D,1,3,L
341,L2,F,D,1,3,L
342,L2,F,D,1,10,L
343,L2,F,D,1,10,L
344,L2,F,D,1,14,L
345,L2,F,D,1,21,L
346,L2,F,D,1,24,L
347,L2,F,D,1,24,L
348,L2,F,D,1,24,L
349,L2,F,D,1,24,L
350,L2,F,D,1,31,L
351,L2,F,D,1,33,L
352,L2,F,D,1,33,L
353,L2,F,D,1,33,L
354,L2,F,D,1,35,L
355,L2,F,D,1,38,L
356,L2,F,D,1,45,L
357,L2,F,D,1,45,L
358,L2,F,D,1,45,L
359,L2,F,D,1,47,L
360,L2,F,D,1,47,L
361,L2,F,D,1,49,L
362,L2,F,D,1,52,L
363,L2,F,D,1,52,L
364,L2,F,D,1,52,L
365,L2,F,D,1,54,L
366,L2,F,D,1,54,L
367,L2,F,D,1,56,L
368,L2,F,D,1,56,L
369,L2,F,D,1,56,L
370,L2,F,D,1,59,L
371,L2,F,D,1,59,L
372,L2,F,D,1,61,L
373,L2,F,D,1,63,L
374,L2,F,D,1,63,L
375,L2,F,D,1,63,L
376,L2,F,D,1,63,L
377,L2,F,D,1,66,L
378,L2,F,D,1,66,L
379,L2,F,D,1,66,L
380,L2,F,D,1,66,L
381,L2,F,D,1,66,L
382,L2,F,D,1,68,L
383,L2,F,D,1,70,L
384,L2,F,D,1,73,L
385,L2,F,D,1,73,L
386,L2,F,D,1,73,L
387,L2,F,D,1,73,L
388,L2,F,D,1,73,L
389,L2,F,D,1,75,L
390,L2,F,D,1,77,L
391,L2,F,D,1,80,L
392,L2,F,D,1,80,L
393,L2,F,D,1,82,L
394,L2,F,D,1,82,L
395,L2,F,D,1,82,L
396,L2,F,D,0,5,L
397,L2,F,D,0,17,L
398,L2,F,D,0,17,L
399,L2,F,D,0,19,L
400,L2,F,D,0,19,L
401,L2,F,D,0,33,L
402,L3,F,D,1,10,L
403,L3,F,D,1,12,L
404,L3,F,D,1,14,L
405,L3,F,D,1,14,L
406,L3,F,D,1,14,L
407,L3,F,D,1,17,L
408,L3,F,D,1,19,L
409,L3,F,D,1,28,L
410,L3,F,D,1,28,L
411,L3,F,D,1,31,L
412,L3,F,D,1,31,L
413,L3,F,D,1,33,L
414,L3,F,D,1,35,L
415,L3,F,D,1,38,L
416,L3,F,D,1,38,L
417,L3,F,D,1,40,L
418,L3,F,D,1,45,L
419,L3,F,D,1,45,L
420,L3,F,D,1,47,L
421,L3,F,D,1,47,L
422,L3,F,D,1,47,L
423,L3,F,D,1,47,L
424,L3,F,D,1,47,L
425,L3,F,D,1,49,L
426,L3,F,D,1,49,L
427,L3,F,D,1,52,L
428,L3,F,D,1,52,L
429,L3,F,D,1,52,L
430,L3,F,D,1,52,L
431,L3,F,D,1,54,L
432,L3,F,D,1,54,L
433,L3,F,D,1,56,L
434,L3,F,D,1,56,L
435,L3,F,D,1,56,L
436,L3,F,D,1,59,L
437,L3,F,D,1,59,L
438,L3,F,D,1,59,L
439,L3,F,D,1,61,L
440,L3,F,D,1,63,L
441,L3,F,D,1,63,L
442,L3,F,D,1,63,L
443,L3,F,D,1,63,L
444,L3,F,D,1,66,L
445,L3,F,D,1,66,L
446,L3,F,D,1,66,L
447,L3,F,D,1,66,L
448,L3,F,D,1,66,L
449,L3,F,D,1,66,L
450,L3,F,D,1,66,L
451,L3,F,D,1,66,L
452,L3,F,D,1,68,L
453,L3,F,D,1,68,L
454,L3,F,D,1,68,L
455,L3,F,D,1,68,L
456,L3,F,D,1,68,L
457,L3,F,D,1,70,L
458,L3,F,D,1,70,L
459,L3,F,D,1,73,L
460,L3,F,D,1,73,L
461,L3,F,D,1,73,L
462,L3,F,D,1,73,L
463,L3,F,D,1,75,L
464,L3,F,D,1,75,L
465,L3,F,D,1,77,L
466,L3,F,D,1,77,L
467,L3,F,D,1,77,L
468,L3,F,D,1,80,L
469,L3,F,D,1,80,L
470,L3,F,D,1,80,L
471,L3,F,D,1,80,L
472,L3,F,D,1,80,L
473,L3,F,D,1,80,L
474,L3,F,D,1,80,L
475,L3,F,D,1,82,L
476,L3,F,D,1,82,L
477,L3,F,D,1,87,L
478,L3,F,D,0,7,L
479,L3,F,D,0,7,L
480,L3,F,D,0,14,L
481,L3,F,D,0,21,L
482,L3,F,D,0,33,L
483,L3,F,D,0,35,L
484,L3,F,D,0,38,L
485,S1,F,B,1,3,S
486,S1,F,B,1,3,S
487,S1,F,B,1,7,S
488,S1,F,B,1,7,S
489,S1,F,B,1,14,S
490,S1,F,B,1,14,S
491,S1,F,B,1,14,S
492,S1,F,B,1,21,S
493,S1,F,B,1,24,S
494,S1,F,B,1,26,S
495,S1,F,B,1,28,S
496,S1,F,B,1,28,S
497,S1,F,B,1,31,S
498,S1,F,B,1,31,S
499,S1,F,B,1,31,S
500,S1,F,B,1,31,S
501,S1,F,B,1,31,S
502,S1,F,B,1,31,S
503,S1,F,B,1,31,S
504,S1,F,B,1,31,S
505,S1,F,B,1,31,S
506,S1,F,B,1,31,S
507,S1,F,B,1,31,S
508,S1,F,B,1,31,S
509,S1,F,B,1,31,S
510,S1,F,B,1,31,S
511,S1,F,B,1,31,S
512,S1,F,B,1,31,S
513,S1,F,B,1,31,S
514,S1,F,B,1,33,S
515,S1,F,B,1,33,S
516,S1,F,B,1,33,S
517,S1,F,B,1,33,S
518,S1,F,B,1,35,S
519,S1,F,B,1,35,S
520,S1,F,B,1,35,S
521,S1,F,B,1,38,S
522,S1,F,B,1,38,S
523,S1,F,B,1,38,S
524,S1,F,B,1,38,S
525,S1,F,B,1,38,S
526,S1,F,B,1,38,S
527,S1,F,B,1,38,S
528,S1,F,B,1,38,S
529,S1,F,B,1,38,S
530,S1,F,B,1,38,S
531,S1,F,B,1,40,S
532,S1,F,B,1,40,S
533,S1,F,B,1,45,S
534,S1,F,B,1,45,S
535,S1,F,B,1,45,S
536,S1,F,B,1,45,S
537,S1,F,B,1,47,S
538,S1,F,B,1,47,S
539,S1,F,B,1,49,S
540,S1,F,B,1,49,S
541,S1,F,B,1,52,S
542,S1,F,B,1,52,S
543,S1,F,B,1,52,S
544,S1,F,B,1,52,S
545,S1,F,B,1,52,S
546,S1,F,B,1,52,S
547,S1,F,B,1,54,S
548,S1,F,B,1,54,S
549,S1,F,B,1,56,S
550,S1,F,B,1,59,S
551,S1,F,B,1,59,S
552,S1,F,B,1,59,S
553,S1,F,B,1,61,S
554,S1,F,B,1,63,S
555,S1,F,B,1,66,S
556,S1,F,B,1,66,S
557,S1,F,B,1,66,S
558,S1,F,B,1,66,S
559,S1,F,B,1,66,S
560,S1,F,B,1,66,S
561,S1,F,B,1,73,S
562,S1,F,B,1,73,S
563,S1,F,B,1,75,S
564,S1,F,B,1,75,S
565,S1,F,B,1,80,S
566,S1,F,B,1,80,S
567,S1,F,B,0,5,S
568,S1,F,B,0,7,S
569,S1,F,B,0,12,S
570,S1,F,B,0,14,S
571,S1,F,B,0,24,S
572,S1,F,B,0,24,S
573,S1,F,B,0,28,S
574,S1,F,B,0,33,S
575,S1,F,B,0,35,S
576,S1,F,B,0,40,S
577,S1,F,B,0,40,S
578,S1,F,B,0,40,S
579,S2,F,B,1,3,S
580,S2,F,B,1,7,S
581,S2,F,B,1,7,S
582,S2,F,B,1,10,S
583,S2,F,B,1,12,S
584,S2,F,B,1,12,S
585,S2,F,B,1,12,S
586,S2,F,B,1,14,S
587,S2,F,B,1,14,S
588,S2,F,B,1,14,S
589,S2,F,B,1,14,S
590,S2,F,B,1,17,S
591,S2,F,B,1,17,S
592,S2,F,B,1,17,S
593,S2,F,B,1,19,S
594,S2,F,B,1,19,S
595,S2,F,B,1,21,S
596,S2,F,B,1,24,S
597,S2,F,B,1,24,S
598,S2,F,B,1,24,S
599,S2,F,B,1,24,S
600,S2,F,B,1,24,S
601,S2,F,B,1,24,S
602,S2,F,B,1,24,S
603,S2,F,B,1,24,S
604,S2,F,B,1,24,S
605,S2,F,B,1,24,S
606,S2,F,B,1,26,S
607,S2,F,B,1,26,S
608,S2,F,B,1,26,S
609,S2,F,B,1,26,S
610,S2,F,B,1,26,S
611,S2,F,B,1,26,S
612,S2,F,B,1,26,S
613,S2,F,B,1,26,S
614,S2,F,B,1,26,S
615,S2,F,B,1,26,S
616,S2,F,B,1,28,S
617,S2,F,B,1,28,S
618,S2,F,B,1,28,S
619,S2,F,B,1,28,S
620,S2,F,B,1,28,S
621,S2,F,B,1,28,S
622,S2,F,B,1,28,S
623,S2,F,B,1,28,S
624,S2,F,B,1,31,S
625,S2,F,B,1,31,S
626,S2,F,B,1,31,S
627,S2,F,B,1,31,S
628,S2,F,B,1,31,S
629,S2,F,B,1,31,S
630,S2,F,B,1,31,S
631,S2,F,B,1,31,S
632,S2,F,B,1,31,S
633,S2,F,B,1,31,S
634,S2,F,B,1,33,S
635,S2,F,B,1,33,S
636,S2,F,B,1,33,S
637,S2,F,B,1,33,S
638,S2,F,B,1,33,S
639,S2,F,B,1,33,S
640,S2,F,B,1,33,S
641,S2,F,B,1,33,S
642,S2,F,B,1,33,S
643,S2,F,B,1,33,S
644,S2,F,B,1,33,S
645,S2,F,B,1,33,S
646,S2,F,B,1,35,S
647,S2,F,B,1,35,S
648,S2,F,B,1,38,S
649,S2,F,B,1,38,S
650,S2,F,B,1,38,S
651,S2,F,B,1,38,S
652,S2,F,B,1,38,S
653,S2,F,B,1,38,S
654,S2,F,B,1,40,S
655,S2,F,B,1,40,S
656,S2,F,B,1,40,S
657,S2,F,B,1,40,S
658,S2,F,B,1,40,S
659,S2,F,B,1,45,S
660,S2,F,B,1,45,S
661,S2,F,B,1,45,S
662,S2,F,B,1,45,S
663,S2,F,B,1,47,S
664,S2,F,B,1,47,S
665,S2,F,B,1,49,S
666,S2,F,B,1,49,S
667,S2,F,B,1,52,S
668,S2,F,B,1,59,S
669,S2,F,B,1,59,S
670,S2,F,B,1,61,S
671,S2,F,B,1,66,S
672,S2,F,B,0,5,S
673,S2,F,B,0,12,S
674,S2,F,B,0,12,S
675,S2,F,B,0,19,S
676,S2,F,B,0,45,S
677,S3,F,B,1,3,S
678,S3,F,B,1,3,S
679,S3,F,B,1,3,S
680,S3,F,B,1,3,S
681,S3,F,B,1,3,S
682,S3,F,B,1,10,S
683,S3,F,B,1,10,S
684,S3,F,B,1,10,S
685,S3,F,B,1,12,S
686,S3,F,B,1,14,S
687,S3,F,B,1,17,S
688,S3,F,B,1,17,S
689,S3,F,B,1,17,S
690,S3,F,B,1,19,S
691,S3,F,B,1,19,S
692,S3,F,B,1,19,S
693,S3,F,B,1,21,S
694,S3,F,B,1,21,S
695,S3,F,B,1,21,S
696,S3,F,B,1,24,S
697,S3,F,B,1,24,S
698,S3,F,B,1,24,S
699,S3,F,B,1,24,S
700,S3,F,B,1,24,S
701,S3,F,B,1,24,S
702,S3,F,B,1,24,S
703,S3,F,B,1,26,S
704,S3,F,B,1,26,S
705,S3,F,B,1,26,S
706,S3,F,B,1,26,S
707,S3,F,B,1,28,S
708,S3,F,B,1,28,S
709,S3,F,B,1,28,S
710,S3,F,B,1,28,S
711,S3,F,B,1,28,S
712,S3,F,B,1,28,S
713,S3,F,B,1,28,S
714,S3,F,B,1,28,S
715,S3,F,B,1,31,S
716,S3,F,B,1,31,S
717,S3,F,B,1,31,S
718,S3,F,B,1,31,S
719,S3,F,B,1,31,S
720,S3,F,B,1,31,S
721,S3,F,B,1,31,S
722,S3,F,B,1,31,S
723,S3,F,B,1,31,S
724,S3,F,B,1,31,S
725,S3,F,B,1,31,S
726,S3,F,B,1,33,S
727,S3,F,B,1,33,S
728,S3,F,B,1,33,S
729,S3,F,B,1,33,S
730,S3,F,B,1,33,S
731,S3,F,B,1,33,S
732,S3,F,B,1,33,S
733,S3,F,B,1,35,S
734,S3,F,B,1,35,S
735,S3,F,B,1,35,S
736,S3,F,B,1,35,S
737,S3,F,B,1,38,S
738,S3,F,B,1,38,S
739,S3,F,B,1,38,S
740,S3,F,B,1,38,S
741,S3,F,B,1,38,S
742,S3,F,B,1,38,S
743,S3,F,B,1,38,S
744,S3,F,B,1,38,S
745,S3,F,B,1,38,S
746,S3,F,B,1,40,S
747,S3,F,B,1,40,S
748,S3,F,B,1,45,S
749,S3,F,B,1,45,S
750,S3,F,B,1,45,S
751,S3,F,B,1,45,S
752,S3,F,B,1,47,S
753,S3,F,B,1,54,S
754,S3,F,B,1,56,S
755,S3,F,B,1,59,S
756,S3,F,B,1,59,S
757,S3,F,B,1,59,S
758,S3,F,B,1,61,S
759,S3,F,B,0,5,S
760,S3,F,B,0,19,S
761,S3,F,B,0,19,S
762,S3,F,B,0,24,S
763,S3,F,B,0,24,S
764,S3,F,B,0,33,S
765,S1,F,D,1,3,S
766,S1,F,D,1,5,S
767,S1,F,D,1,7,S
768,S1,F,D,1,10,S
769,S1,F,D,1,10,S
770,S1,F,D,1,17,S
771,S1,F,D,1,19,S
772,S1,F,D,1,24,S
773,S1,F,D,1,31,S
774,S1,F,D,1,31,S
775,S1,F,D,1,31,S
776,S1,F,D,1,31,S
777,S1,F,D,1,31,S
778,S1,F,D,1,33,S
779,S1,F,D,1,33,S
780,S1,F,D,1,38,S
781,S1,F,D,1,40,S
782,S1,F,D,1,45,S
783,S1,F,D,1,45,S
784,S1,F,D,1,45,S
785,S1,F,D,1,47,S
786,S1,F,D,1,47,S
787,S1,F,D,1,52,S
788,S1,F,D,1,52,S
789,S1,F,D,1,52,S
790,S1,F,D,1,52,S
791,S1,F,D,1,54,S
792,S1,F,D,1,54,S
793,S1,F,D,1,56,S
794,S1,F,D,1,56,S
795,S1,F,D,1,56,S
796,S1,F,D,1,59,S
797,S1,F,D,1,59,S
798,S1,F,D,1,59,S
799,S1,F,D,1,59,S
800,S1,F,D,1,59,S
801,S1,F,D,1,61,S
802,S1,F,D,1,61,S
803,S1,F,D,1,61,S
804,S1,F,D,1,61,S
805,S1,F,D,1,61,S
806,S1,F,D,1,63,S
807,S1,F,D,1,63,S
808,S1,F,D,1,63,S
809,S1,F,D,1,63,S
810,S1,F,D,1,66,S
811,S1,F,D,1,66,S
812,S1,F,D,1,66,S
813,S1,F,D,1,68,S
814,S1,F,D,1,70,S
815,S1,F,D,1,73,S
816,S1,F,D,1,73,S
817,S1,F,D,1,73,S
818,S1,F,D,1,73,S
819,S1,F,D,1,73,S
820,S1,F,D,1,73,S
821,S1,F,D,1,73,S
822,S1,F,D,1,73,S
823,S1,F,D,1,75,S
824,S1,F,D,1,75,S
825,S1,F,D,1,75,S
826,S1,F,D,1,80,S
827,S1,F,D,1,80,S
828,S1,F,D,1,80,S
829,S1,F,D,1,80,S
830,S1,F,D,1,80,S
831,S1,F,D,1,82,S
832,S1,F,D,1,82,S
833,S1,F,D,1,82,S
834,S1,F,D,1,82,S
835,S1,F,D,1,84,S
836,S1,F,D,1,87,S
837,S1,F,D,1,87,S
838,S1,F,D,1,87,S
839,S1,F,D,0,7,S
840,S1,F,D,0,17,S
841,S1,F,D,0,17,S
842,S1,F,D,0,19,S
843,S1,F,D,0,19,S
844,S1,F,D,0,24,S
845,S1,F,D,0,28,S
846,S1,F,D,0,31,S
847,S1,F,D,0,38,S
848,S2,F,D,1,3,S
849,S2,F,D,1,3,S
850,S2,F,D,1,3,S
851,S2,F,D,1,7,S
852,S2,F,D,1,10,S
853,S2,F,D,1,21,S
854,S2,F,D,1,21,S
855,S2,F,D,1,21,S
856,S2,F,D,1,24,S
857,S2,F,D,1,31,S
858,S2,F,D,1,31,S
859,S2,F,D,1,33,S
860,S2,F,D,1,35,S
861,S2,F,D,1,35,S
862,S2,F,D,1,38,S
863,S2,F,D,1,38,S
864,S2,F,D,1,40,S
865,S2,F,D,1,40,S
866,S2,F,D,1,40,S
867,S2,F,D,1,45,S
868,S2,F,D,1,45,S
869,S2,F,D,1,45,S
870,S2,F,D,1,45,S
871,S2,F,D,1,45,S
872,S2,F,D,1,47,S
873,S2,F,D,1,47,S
874,S2,F,D,1,47,S
875,S2,F,D,1,47,S
876,S2,F,D,1,47,S
877,S2,F,D,1,49,S
878,S2,F,D,1,49,S
879,S2,F,D,1,49,S
880,S2,F,D,1,49,S
881,S2,F,D,1,52,S
882,S2,F,D,1,52,S
883,S2,F,D,1,52,S
884,S2,F,D,1,52,S
885,S2,F,D,1,56,S
886,S2,F,D,1,59,S
887,S2,F,D,1,59,S
888,S2,F,D,1,61,S
889,S2,F,D,1,61,S
890,S2,F,D,1,61,S
891,S2,F,D,1,63,S
892,S2,F,D,1,66,S
893,S2,F,D,1,66,S
894,S2,F,D,1,66,S
895,S2,F,D,1,68,S
896,S2,F,D,1,70,S
897,S2,F,D,1,70,S
898,S2,F,D,1,73,S
899,S2,F,D,1,73,S
900,S2,F,D,1,73,S
901,S2,F,D,1,73,S
902,S2,F,D,1,73,S
903,S2,F,D,1,75,S
904,S2,F,D,1,77,S
905,S2,F,D,1,80,S
906,S2,F,D,1,80,S
907,S2,F,D,1,80,S
908,S2,F,D,1,80,S
909,S2,F,D,1,80,S
910,S2,F,D,1,80,S
911,S2,F,D,1,82,S
912,S2,F,D,1,84,S
913,S2,F,D,1,87,S
914,S2,F,D,1,87,S
915,S2,F,D,1,87,S
916,S2,F,D,0,5,S
917,S2,F,D,0,12,S
918,S2,F,D,0,12,S
919,S2,F,D,0,12,S
920,S2,F,D,0,12,S
921,S2,F,D,0,14,S
922,S2,F,D,0,21,S
923,S3,F,D,1,5,S
924,S3,F,D,1,7,S
925,S3,F,D,1,12,S
926,S3,F,D,1,12,S
927,S3,F,D,1,12,S
928,S3,F,D,1,14,S
929,S3,F,D,1,21,S
930,S3,F,D,1,24,S
931,S3,F,D,1,31,S
932,S3,F,D,1,31,S
933,S3,F,D,1,31,S
934,S3,F,D,1,33,S
935,S3,F,D,1,33,S
936,S3,F,D,1,35,S
937,S3,F,D,1,38,S
938,S3,F,D,1,38,S
939,S3,F,D,1,40,S
940,S3,F,D,1,40,S
941,S3,F,D,1,45,S
942,S3,F,D,1,45,S
943,S3,F,D,1,45,S
944,S3,F,D,1,45,S
945,S3,F,D,1,45,S
946,S3,F,D,1,45,S
947,S3,F,D,1,47,S
948,S3,F,D,1,47,S
949,S3,F,D,1,47,S
950,S3,F,D,1,47,S
951,S3,F,D,1,49,S
952,S3,F,D,1,49,S
953,S3,F,D,1,52,S
954,S3,F,D,1,52,S
955,S3,F,D,1,52,S
956,S3,F,D,1,52,S
957,S3,F,D,1,52,S
958,S3,F,D,1,52,S
959,S3,F,D,1,52,S
960,S3,F,D,1,59,S
961,S3,F,D,1,59,S
962,S3,F,D,1,59,S
963,S3,F,D,1,59,S
964,S3,F,D,1,63,S
965,S3,F,D,1,63,S
966,S3,F,D,1,63,S
967,S3,F,D,1,63,S
968,S3,F,D,1,63,S
969,S3,F,D,1,66,S
970,S3,F,D,1,66,S
971,S3,F,D,1,66,S
972,S3,F,D,1,68,S
973,S3,F,D,1,70,S
974,S3,F,D,1,80,S
975,S3,F,D,1,80,S
976,S3,F,D,1,84,S
977,S3,F,D,0,14,S
978,S3,F,D,0,17,S
979,S3,F,D,0,21,S
980,S3,F,D,0,21,S
981,S3,F,D,0,21,S
982,S3,F,D,0,21,S
983,S3,F,D,0,24,S
984,S3,F,D,0,26,S
985,S3,F,D,0,26,S
986,S3,F,D,0,31,S
987,S3,F,D,0,35,S
988,L1,M,B,1,7,L
989,L1,M,B,1,7,L
990,L1,M,B,1,10,L
991,L1,M,B,1,14,L
992,L1,M,B,1,17,L
993,L1,M,B,1,19,L
994,L1,M,B,1,19,L
995,L1,M,B,1,21,L
996,L1,M,B,1,24,L
997,L1,M,B,1,26,L
998,L1,M,B,1,26,L
999,L1,M,B,1,28,L
1000,L1,M,B,1,28,L
1001,L1,M,B,1,31,L
1002,L1,M,B,1,31,L
1003,L1,M,B,1,33,L
1004,L1,M,B,1,33,L
1005,L1,M,B,1,35,L
1006,L1,M,B,1,38,L
1007,L1,M,B,1,38,L
1008,L1,M,B,1,45,L
1009,L1,M,B,1,45,L
1010,L1,M,B,1,49,L
1011,L1,M,B,1,52,L
1012,L1,M,B,1,52,L
1013,L1,M,B,1,52,L
1014,L1,M,B,1,52,L
1015,L1,M,B,1,54,L
1016,L1,M,B,1,56,L
1017,L1,M,B,1,59,L
1018,L1,M,B,1,59,L
1019,L1,M,B,1,61,L
1020,L1,M,B,1,61,L
1021,L1,M,B,1,66,L
1022,L1,M,B,1,66,L
1023,L1,M,B,1,66,L
1024,L1,M,B,1,68,L
1025,L1,M,B,1,68,L
1026,L1,M,B,1,68,L
1027,L1,M,B,1,68,L
1028,L1,M,B,1,70,L
1029,L1,M,B,1,70,L
1030,L1,M,B,1,73,L
1031,L1,M,B,1,73,L
1032,L1,M,B,1,73,L
1033,L1,M,B,1,73,L
1034,L1,M,B,1,73,L
1035,L1,M,B,1,73,L
1036,L1,M,B,1,75,L
1037,L1,M,B,1,75,L
1038,L1,M,B,1,75,L
1039,L1,M,B,1,77,L
1040,L1,M,B,1,80,L
1041,L1,M,B,1,80,L
1042,L1,M,B,0,5,L
1043,L1,M,B,0,5,L
1044,L1,M,B,0,7,L
1045,L1,M,B,0,7,L
1046,L1,M,B,0,7,L
1047,L1,M,B,0,10,L
1048,L1,M,B,0,12,L
1049,L1,M,B,0,14,L
1050,L1,M,B,0,19,L
1051,L1,M,B,0,19,L
1052,L1,M,B,0,26,L
1053,L1,M,B,0,26,L
1054,L1,M,B,0,28,L
1055,L1,M,B,0,45,L
1056,L2,M,B,1,3,L
1057,L2,M,B,1,3,L
1058,L2,M,B,1,3,L
1059,L2,M,B,1,3,L
1060,L2,M,B,1,3,L
1061,L2,M,B,1,5,L
1062,L2,M,B,1,7,L
1063,L2,M,B,1,10,L
1064,L2,M,B,1,10,L
1065,L2,M,B,1,10,L
1066,L2,M,B,1,12,L
1067,L2,M,B,1,14,L
1068,L2,M,B,1,21,L
1069,L2,M,B,1,21,L
1070,L2,M,B,1,26,L
1071,L2,M,B,1,26,L
1072,L2,M,B,1,26,L
1073,L2,M,B,1,28,L
1074,L2,M,B,1,31,L
1075,L2,M,B,1,31,L
1076,L2,M,B,1,31,L
1077,L2,M,B,1,31,L
1078,L2,M,B,1,31,L
1079,L2,M,B,1,31,L
1080,L2,M,B,1,31,L
1081,L2,M,B,1,33,L
1082,L2,M,B,1,33,L
1083,L2,M,B,1,35,L
1084,L2,M,B,1,35,L
1085,L2,M,B,1,35,L
1086,L2,M,B,1,35,L
1087,L2,M,B,1,35,L
1088,L2,M,B,1,35,L
1089,L2,M,B,1,38,L
1090,L2,M,B,1,38,L
1091,L2,M,B,1,38,L
1092,L2,M,B,1,40,L
1093,L2,M,B,1,40,L
1094,L2,M,B,1,40,L
1095,L2,M,B,1,45,L
1096,L2,M,B,1,45,L
1097,L2,M,B,1,45,L
1098,L2,M,B,1,45,L
1099,L2,M,B,1,45,L
1100,L2,M,B,1,45,L
1101,L2,M,B,1,45,L
1102,L2,M,B,1,45,L
1103,L2,M,B,1,45,L
1104,L2,M,B,1,49,L
1105,L2,M,B,1,49,L
1106,L2,M,B,1,49,L
1107,L2,M,B,1,52,L
1108,L2,M,B,1,52,L
1109,L2,M,B,1,54,L
1110,L2,M,B,1,54,L
1111,L2,M,B,1,54,L
1112,L2,M,B,1,56,L
1113,L2,M,B,1,59,L
1114,L2,M,B,1,59,L
1115,L2,M,B,1,59,L
1116,L2,M,B,1,61,L
1117,L2,M,B,1,61,L
1118,L2,M,B,1,63,L
1119,L2,M,B,1,63,L
1120,L2,M,B,1,63,L
1121,L2,M,B,1,66,L
1122,L2,M,B,1,73,L
1123,L2,M,B,1,73,L
1124,L2,M,B,1,73,L
1125,L2,M,B,1,73,L
1126,L2,M,B,1,75,L
1127,L2,M,B,1,80,L
1128,L2,M,B,0,5,L
1129,L2,M,B,0,5,L
1130,L2,M,B,0,5,L
1131,L2,M,B,0,5,L
1132,L2,M,B,0,5,L
1133,L2,M,B,0,5,L
1134,L2,M,B,0,5,L
1135,L2,M,B,0,5,L
1136,L2,M,B,0,7,L
1137,L2,M,B,0,7,L
1138,L2,M,B,0,10,L
1139,L2,M,B,0,12,L
1140,L2,M,B,0,14,L
1141,L2,M,B,0,24,L
1142,L2,M,B,0,26,L
1143,L2,M,B,0,38,L
1144,L2,M,B,0,45,L
1145,L3,M,B,1,3,L
1146,L3,M,B,1,3,L
1147,L3,M,B,1,3,L
1148,L3,M,B,1,10,L
1149,L3,M,B,1,10,L
1150,L3,M,B,1,10,L
1151,L3,M,B,1,17,L
1152,L3,M,B,1,21,L
1153,L3,M,B,1,24,L
1154,L3,M,B,1,24,L
1155,L3,M,B,1,31,L
1156,L3,M,B,1,33,L
1157,L3,M,B,1,35,L
1158,L3,M,B,1,35,L
1159,L3,M,B,1,38,L
1160,L3,M,B,1,38,L
1161,L3,M,B,1,38,L
1162,L3,M,B,1,38,L
1163,L3,M,B,1,45,L
1164,L3,M,B,1,45,L
1165,L3,M,B,1,45,L
1166,L3,M,B,1,52,L
1167,L3,M,B,1,52,L
1168,L3,M,B,1,54,L
1169,L3,M,B,1,54,L
1170,L3,M,B,1,56,L
1171,L3,M,B,1,59,L
1172,L3,M,B,1,59,L
1173,L3,M,B,1,61,L
1174,L3,M,B,1,61,L
1175,L3,M,B,1,63,L
1176,L3,M,B,1,66,L
1177,L3,M,B,1,66,L
1178,L3,M,B,1,66,L
1179,L3,M,B,1,66,L
1180,L3,M,B,1,66,L
1181,L3,M,B,1,66,L
1182,L3,M,B,1,66,L
1183,L3,M,B,1,68,L
1184,L3,M,B,1,70,L
1185,L3,M,B,1,70,L
1186,L3,M,B,1,70,L
1187,L3,M,B,1,73,L
1188,L3,M,B,1,73,L
1189,L3,M,B,1,73,L
1190,L3,M,B,1,73,L
1191,L3,M,B,1,73,L
1192,L3,M,B,1,73,L
1193,L3,M,B,1,73,L
1194,L3,M,B,1,73,L
1195,L3,M,B,1,73,L
1196,L3,M,B,1,73,L
1197,L3,M,B,1,73,L
1198,L3,M,B,1,73,L
1199,L3,M,B,1,73,L
1200,L3,M,B,1,73,L
1201,L3,M,B,1,73,L
1202,L3,M,B,1,73,L
1203,L3,M,B,1,75,L
1204,L3,M,B,1,77,L
1205,L3,M,B,1,77,L
1206,L3,M,B,1,77,L
1207,L3,M,B,1,80,L
1208,L3,M,B,1,80,L
1209,L3,M,B,1,80,L
1210,L3,M,B,1,80,L
1211,L3,M,B,1,80,L
1212,L3,M,B,1,82,L
1213,L3,M,B,1,82,L
1214,L3,M,B,1,84,L
1215,L3,M,B,0,5,L
1216,L3,M,B,0,7,L
1217,L3,M,B,0,7,L
1218,L3,M,B,0,7,L
1219,L3,M,B,0,12,L
1220,L3,M,B,0,12,L
1221,L3,M,B,0,14,L
1222,L3,M,B,0,17,L
1223,L3,M,B,0,17,L
1224,L3,M,B,0,19,L
1225,L3,M,B,0,21,L
1226,L3,M,B,0,21,L
1227,L3,M,B,0,26,L
1228,L3,M,B,0,28,L
1229,L3,M,B,0,28,L
1230,L3,M,B,0,28,L
1231,L3,M,B,0,33,L
1232,L3,M,B,0,35,L
1233,L3,M,B,0,40,L
1234,L3,M,B,0,54,L
1235,L1,M,D,1,3,L
1236,L1,M,D,1,7,L
1237,L1,M,D,1,7,L
1238,L1,M,D,1,7,L
1239,L1,M,D,1,7,L
1240,L1,M,D,1,10,L
1241,L1,M,D,1,10,L
1242,L1,M,D,1,17,L
1243,L1,M,D,1,19,L
1244,L1,M,D,1,21,L
1245,L1,M,D,1,21,L
1246,L1,M,D,1,24,L
1247,L1,M,D,1,24,L
1248,L1,M,D,1,28,L
1249,L1,M,D,1,31,L
1250,L1,M,D,1,31,L
1251,L1,M,D,1,33,L
1252,L1,M,D,1,33,L
1253,L1,M,D,1,33,L
1254,L1,M,D,1,35,L
1255,L1,M,D,1,35,L
1256,L1,M,D,1,35,L
1257,L1,M,D,1,35,L
1258,L1,M,D,1,38,L
1259,L1,M,D,1,38,L
1260,L1,M,D,1,40,L
1261,L1,M,D,1,40,L
1262,L1,M,D,1,45,L
1263,L1,M,D,1,45,L
1264,L1,M,D,1,45,L
1265,L1,M,D,1,45,L
1266,L1,M,D,1,47,L
1267,L1,M,D,1,47,L
1268,L1,M,D,1,47,L
1269,L1,M,D,1,47,L
1270,L1,M,D,1,49,L
1271,L1,M,D,1,49,L
1272,L1,M,D,1,49,L
1273,L1,M,D,1,52,L
1274,L1,M,D,1,52,L
1275,L1,M,D,1,52,L
1276,L1,M,D,1,52,L
1277,L1,M,D,1,52,L
1278,L1,M,D,1,52,L
1279,L1,M,D,1,52,L
1280,L1,M,D,1,52,L
1281,L1,M,D,1,54,L
1282,L1,M,D,1,54,L
1283,L1,M,D,1,54,L
1284,L1,M,D,1,54,L
1285,L1,M,D,1,54,L
1286,L1,M,D,1,59,L
1287,L1,M,D,1,59,L
1288,L1,M,D,1,59,L
1289,L1,M,D,1,59,L
1290,L1,M,D,1,59,L
1291,L1,M,D,1,59,L
1292,L1,M,D,1,59,L
1293,L1,M,D,1,59,L
1294,L1,M,D,1,61,L
1295,L1,M,D,1,61,L
1296,L1,M,D,1,63,L
1297,L1,M,D,1,63,L
1298,L1,M,D,1,63,L
1299,L1,M,D,1,63,L
1300,L1,M,D,1,66,L
1301,L1,M,D,1,66,L
1302,L1,M,D,1,66,L
1303,L1,M,D,1,66,L
1304,L1,M,D,1,68,L
1305,L1,M,D,1,73,L
1306,L1,M,D,1,73,L
1307,L1,M,D,1,77,L
1308,L1,M,D,1,80,L
1309,L1,M,D,1,80,L
1310,L1,M,D,1,84,L
1311,L1,M,D,0,5,L
1312,L1,M,D,0,5,L
1313,L1,M,D,0,5,L
1314,L1,M,D,0,7,L
1315,L1,M,D,0,7,L
1316,L1,M,D,0,14,L
1317,L1,M,D,0,19,L
1318,L1,M,D,0,26,L
1319,L1,M,D,0,31,L
1320,L1,M,D,0,49,L
1321,L2,M,D,1,10,L
1322,L2,M,D,1,12,L
1323,L2,M,D,1,12,L
1324,L2,M,D,1,14,L
1325,L2,M,D,1,14,L
1326,L2,M,D,1,17,L
1327,L2,M,D,1,17,L
1328,L2,M,D,1,17,L
1329,L2,M,D,1,24,L
1330,L2,M,D,1,26,L
1331,L2,M,D,1,28,L
1332,L2,M,D,1,31,L
1333,L2,M,D,1,38,L
1334,L2,M,D,1,38,L
1335,L2,M,D,1,38,L
1336,L2,M,D,1,45,L
1337,L2,M,D,1,45,L
1338,L2,M,D,1,47,L
1339,L2,M,D,1,49,L
1340,L2,M,D,1,52,L
1341,L2,M,D,1,52,L
1342,L2,M,D,1,52,L
1343,L2,M,D,1,54,L
1344,L2,M,D,1,54,L
1345,L2,M,D,1,54,L
1346,L2,M,D,1,59,L
1347,L2,M,D,1,59,L
1348,L2,M,D,1,61,L
1349,L2,M,D,1,61,L
1350,L2,M,D,1,66,L
1351,L2,M,D,1,66,L
1352,L2,M,D,1,66,L
1353,L2,M,D,1,66,L
1354,L2,M,D,1,66,L
1355,L2,M,D,1,68,L
1356,L2,M,D,1,70,L
1357,L2,M,D,1,73,L
1358,L2,M,D,1,75,L
1359,L2,M,D,1,75,L
1360,L2,M,D,1,75,L
1361,L2,M,D,1,80,L
1362,L2,M,D,1,82,L
1363,L2,M,D,1,84,L
1364,L2,M,D,0,7,L
1365,L2,M,D,0,7,L
1366,L2,M,D,0,7,L
1367,L2,M,D,0,7,L
1368,L2,M,D,0,17,L
1369,L2,M,D,0,19,L
1370,L2,M,D,0,21,L
1371,L2,M,D,0,21,L
1372,L2,M,D,0,26,L
1373,L2,M,D,0,28,L
1374,L2,M,D,0,33,L
1375,L2,M,D,0,33,L
1376,L2,M,D,0,38,L
1377,L2,M,D,0,40,L
1378,L3,M,D,1,3,L
1379,L3,M,D,1,5,L
1380,L3,M,D,1,7,L
1381,L3,M,D,1,10,L
1382,L3,M,D,1,10,L
1383,L3,M,D,1,12,L
1384,L3,M,D,1,14,L
1385,L3,M,D,1,14,L
1386,L3,M,D,1,14,L
1387,L3,M,D,1,17,L
1388,L3,M,D,1,17,L
1389,L3,M,D,1,19,L
1390,L3,M,D,1,19,L
1391,L3,M,D,1,19,L
1392,L3,M,D,1,19,L
1393,L3,M,D,1,19,L
1394,L3,M,D,1,21,L
1395,L3,M,D,1,21,L
1396,L3,M,D,1,24,L
1397,L3,M,D,1,26,L
1398,L3,M,D,1,26,L
1399,L3,M,D,1,26,L
1400,L3,M,D,1,28,L
1401,L3,M,D,1,28,L
1402,L3,M,D,1,31,L
1403,L3,M,D,1,31,L
1404,L3,M,D,1,31,L
1405,L3,M,D,1,33,L
1406,L3,M,D,1,33,L
1407,L3,M,D,1,33,L
1408,L3,M,D,1,35,L
1409,L3,M,D,1,35,L
1410,L3,M,D,1,35,L
1411,L3,M,D,1,35,L
1412,L3,M,D,1,35,L
1413,L3,M,D,1,35,L
1414,L3,M,D,1,35,L
1415,L3,M,D,1,38,L
1416,L3,M,D,1,38,L
1417,L3,M,D,1,38,L
1418,L3,M,D,1,38,L
1419,L3,M,D,1,45,L
1420,L3,M,D,1,45,L
1421,L3,M,D,1,45,L
1422,L3,M,D,1,47,L
1423,L3,M,D,1,47,L
1424,L3,M,D,1,47,L
1425,L3,M,D,1,52,L
1426,L3,M,D,1,52,L
1427,L3,M,D,1,52,L
1428,L3,M,D,1,52,L
1429,L3,M,D,1,56,L
1430,L3,M,D,1,56,L
1431,L3,M,D,1,59,L
1432,L3,M,D,1,59,L
1433,L3,M,D,1,61,L
1434,L3,M,D,1,61,L
1435,L3,M,D,1,73,L
1436,L3,M,D,1,75,L
1437,L3,M,D,1,87,L
1438,L3,M,D,1,87,L
1439,L3,M,D,0,5,L
1440,L3,M,D,0,5,L
1441,L3,M,D,0,10,L
1442,L3,M,D,0,14,L
1443,L3,M,D,0,14,L
1444,L3,M,D,0,17,L
1445,L3,M,D,0,21,L
1446,L3,M,D,0,21,L
1447,L3,M,D,0,21,L
1448,L3,M,D,0,24,L
1449,L3,M,D,0,26,L
1450,L3,M,D,0,35,L
1451,S1,M,B,1,3,S
1452,S1,M,B,1,3,S
1453,S1,M,B,1,5,S
1454,S1,M,B,1,7,S
1455,S1,M,B,1,7,S
1456,S1,M,B,1,7,S
1457,S1,M,B,1,10,S
1458,S1,M,B,1,19,S
1459,S1,M,B,1,24,S
1460,S1,M,B,1,24,S
1461,S1,M,B,1,28,S
1462,S1,M,B,1,31,S
1463,S1,M,B,1,33,S
1464,S1,M,B,1,33,S
1465,S1,M,B,1,33,S
1466,S1,M,B,1,35,S
1467,S1,M,B,1,35,S
1468,S1,M,B,1,35,S
1469,S1,M,B,1,38,S
1470,S1,M,B,1,38,S
1471,S1,M,B,1,38,S
1472,S1,M,B,1,38,S
1473,S1,M,B,1,40,S
1474,S1,M,B,1,45,S
1475,S1,M,B,1,45,S
1476,S1,M,B,1,45,S
1477,S1,M,B,1,49,S
1478,S1,M,B,1,49,S
1479,S1,M,B,1,52,S
1480,S1,M,B,1,52,S
1481,S1,M,B,1,52,S
1482,S1,M,B,1,52,S
1483,S1,M,B,1,54,S
1484,S1,M,B,1,54,S
1485,S1,M,B,1,56,S
1486,S1,M,B,1,59,S
1487,S1,M,B,1,59,S
1488,S1,M,B,1,61,S
1489,S1,M,B,1,61,S
1490,S1,M,B,1,63,S
1491,S1,M,B,1,66,S
1492,S1,M,B,1,66,S
1493,S1,M,B,1,66,S
1494,S1,M,B,1,66,S
1495,S1,M,B,1,66,S
1496,S1,M,B,1,66,S
1497,S1,M,B,1,66,S
1498,S1,M,B,1,66,S
1499,S1,M,B,1,65,S
1500,S1,M,B,1,65,S
1501,S1,M,B,1,65,S
1502,S1,M,B,1,65,S
1503,S1,M,B,1,65,S
1504,S1,M,B,1,70,S
1505,S1,M,B,1,70,S
1506,S1,M,B,1,70,S
1507,S1,M,B,1,70,S
1508,S1,M,B,1,73,S
1509,S1,M,B,1,73,S
1510,S1,M,B,1,73,S
1511,S1,M,B,1,73,S
1512,S1,M,B,1,73,S
1513,S1,M,B,1,75,S
1514,S1,M,B,1,77,S
1515,S1,M,B,1,80,S
1516,S1,M,B,1,82,S
1517,S1,M,B,1,82,S
1518,S1,M,B,1,87,S
1519,S1,M,B,0,5,S
1520,S1,M,B,0,5,S
1521,S1,M,B,0,5,S
1522,S1,M,B,0,5,S
1523,S1,M,B,0,5,S
1524,S1,M,B,0,7,S
1525,S1,M,B,0,7,S
1526,S1,M,B,0,28,S
1527,S1,M,B,0,28,S
1528,S1,M,B,0,33,S
1529,S1,M,B,0,33,S
1530,S1,M,B,0,38,S
1531,S1,M,B,0,38,S
1532,S2,M,B,1,3,S
1533,S2,M,B,1,3,S
1534,S2,M,B,1,7,S
1535,S2,M,B,1,10,S
1536,S2,M,B,1,10,S
1537,S2,M,B,1,12,S
1538,S2,M,B,1,12,S
1539,S2,M,B,1,14,S
1540,S2,M,B,1,14,S
1541,S2,M,B,1,17,S
1542,S2,M,B,1,17,S
1543,S2,M,B,1,17,S
1544,S2,M,B,1,19,S
1545,S2,M,B,1,21,S
1546,S2,M,B,1,21,S
1547,S2,M,B,1,26,S
1548,S2,M,B,1,26,S
1549,S2,M,B,1,26,S
1550,S2,M,B,1,28,S
1551,S2,M,B,1,31,S
1552,S2,M,B,1,31,S
1553,S2,M,B,1,31,S
1554,S2,M,B,1,33,S
1555,S2,M,B,1,33,S
1556,S2,M,B,1,35,S
1557,S2,M,B,1,40,S
1558,S2,M,B,1,40,S
1559,S2,M,B,1,45,S
1560,S2,M,B,1,45,S
1561,S2,M,B,1,45,S
1562,S2,M,B,1,45,S
1563,S2,M,B,1,45,S
1564,S2,M,B,1,45,S
1565,S2,M,B,1,45,S
1566,S2,M,B,1,47,S
1567,S2,M,B,1,47,S
1568,S2,M,B,1,52,S
1569,S2,M,B,1,52,S
1570,S2,M,B,1,52,S
1571,S2,M,B,1,54,S
1572,S2,M,B,1,56,S
1573,S2,M,B,1,56,S
1574,S2,M,B,1,56,S
1575,S2,M,B,1,59,S
1576,S2,M,B,1,59,S
1577,S2,M,B,1,59,S
1578,S2,M,B,1,61,S
1579,S2,M,B,1,61,S
1580,S2,M,B,1,61,S
1581,S2,M,B,1,63,S
1582,S2,M,B,1,63,S
1583,S2,M,B,1,63,S
1584,S2,M,B,1,63,S
1585,S2,M,B,1,63,S
1586,S2,M,B,1,63,S
1587,S2,M,B,1,66,S
1588,S2,M,B,1,66,S
1589,S2,M,B,1,66,S
1590,S2,M,B,1,66,S
1591,S2,M,B,1,70,S
1592,S2,M,B,1,70,S
1593,S2,M,B,1,73,S
1594,S2,M,B,1,73,S
1595,S2,M,B,1,73,S
1596,S2,M,B,1,73,S
1597,S2,M,B,1,73,S
1598,S2,M,B,1,73,S
1599,S2,M,B,1,75,S
1600,S2,M,B,1,75,S
1601,S2,M,B,1,77,S
1602,S2,M,B,1,82,S
1603,S2,M,B,1,87,S
1604,S2,M,B,1,87,S
1605,S2,M,B,1,87,S
1606,S2,M,B,0,5,S
1607,S2,M,B,0,10,S
1608,S2,M,B,0,10,S
1609,S2,M,B,0,10,S
1610,S2,M,B,0,12,S
1611,S2,M,B,0,12,S
1612,S2,M,B,0,12,S
1613,S2,M,B,0,14,S
1614,S2,M,B,0,19,S
1615,S2,M,B,0,19,S
1616,S2,M,B,0,24,S
1617,S2,M,B,0,26,S
1618,S2,M,B,0,38,S
1619,S2,M,B,0,40,S
1620,S3,M,B,1,3,S
1621,S3,M,B,1,3,S
1622,S3,M,B,1,3,S
1623,S3,M,B,1,3,S
1624,S3,M,B,1,7,S
1625,S3,M,B,1,17,S
1626,S3,M,B,1,19,S
1627,S3,M,B,1,19,S
1628,S3,M,B,1,19,S
1629,S3,M,B,1,19,S
1630,S3,M,B,1,24,S
1631,S3,M,B,1,24,S
1632,S3,M,B,1,26,S
1633,S3,M,B,1,28,S
1634,S3,M,B,1,31,S
1635,S3,M,B,1,31,S
1636,S3,M,B,1,33,S
1637,S3,M,B,1,33,S
1638,S3,M,B,1,33,S
1639,S3,M,B,1,33,S
1640,S3,M,B,1,35,S
1641,S3,M,B,1,35,S
1642,S3,M,B,1,35,S
1643,S3,M,B,1,38,S
1644,S3,M,B,1,38,S
1645,S3,M,B,1,38,S
1646,S3,M,B,1,40,S
1647,S3,M,B,1,40,S
1648,S3,M,B,1,40,S
1649,S3,M,B,1,40,S
1650,S3,M,B,1,40,S
1651,S3,M,B,1,45,S
1652,S3,M,B,1,45,S
1653,S3,M,B,1,45,S
1654,S3,M,B,1,45,S
1655,S3,M,B,1,47,S
1656,S3,M,B,1,52,S
1657,S3,M,B,1,52,S
1658,S3,M,B,1,52,S
1659,S3,M,B,1,54,S
1660,S3,M,B,1,56,S
1661,S3,M,B,1,56,S
1662,S3,M,B,1,59,S
1663,S3,M,B,1,59,S
1664,S3,M,B,1,59,S
1665,S3,M,B,1,59,S
1666,S3,M,B,1,61,S
1667,S3,M,B,1,61,S
1668,S3,M,B,1,61,S
1669,S3,M,B,1,63,S
1670,S3,M,B,1,63,S
1671,S3,M,B,1,66,S
1672,S3,M,B,1,66,S
1673,S3,M,B,1,66,S
1674,S3,M,B,1,66,S
1675,S3,M,B,1,68,S
1676,S3,M,B,1,68,S
1677,S3,M,B,1,70,S
1678,S3,M,B,1,73,S
1679,S3,M,B,1,73,S
1680,S3,M,B,1,73,S
1681,S3,M,B,1,77,S
1682,S3,M,B,1,80,S
1683,S3,M,B,1,80,S
1684,S3,M,B,1,82,S
1685,S3,M,B,1,84,S
1686,S3,M,B,0,7,S
1687,S3,M,B,0,12,S
1688,S3,M,B,0,17,S
1689,S3,M,B,0,19,S
1690,S3,M,B,0,21,S
1691,S3,M,B,0,24,S
1692,S3,M,B,0,24,S
1693,S3,M,B,0,24,S
1694,S3,M,B,0,26,S
1695,S3,M,B,0,28,S
1696,S1,M,D,1,3,S
1697,S1,M,D,1,5,S
1698,S1,M,D,1,12,S
1699,S1,M,D,1,12,S
1700,S1,M,D,1,12,S
1701,S1,M,D,1,12,S
1702,S1,M,D,1,17,S
1703,S1,M,D,1,19,S
1704,S1,M,D,1,21,S
1705,S1,M,D,1,21,S
1706,S1,M,D,1,21,S
1707,S1,M,D,1,21,S
1708,S1,M,D,1,24,S
1709,S1,M,D,1,31,S
1710,S1,M,D,1,31,S
1711,S1,M,D,1,31,S
1712,S1,M,D,1,33,S
1713,S1,M,D,1,33,S
1714,S1,M,D,1,33,S
1715,S1,M,D,1,33,S
1716,S1,M,D,1,33,S
1717,S1,M,D,1,35,S
1718,S1,M,D,1,38,S
1719,S1,M,D,1,38,S
1720,S1,M,D,1,40,S
1721,S1,M,D,1,40,S
1722,S1,M,D,1,40,S
1723,S1,M,D,1,45,S
1724,S1,M,D,1,45,S
1725,S1,M,D,1,45,S
1726,S1,M,D,1,45,S
1727,S1,M,D,1,47,S
1728,S1,M,D,1,47,S
1729,S1,M,D,1,47,S
1730,S1,M,D,1,49,S
1731,S1,M,D,1,49,S
1732,S1,M,D,1,49,S
1733,S1,M,D,1,49,S
1734,S1,M,D,1,52,S
1735,S1,M,D,1,52,S
1736,S1,M,D,1,52,S
1737,S1,M,D,1,52,S
1738,S1,M,D,1,52,S
1739,S1,M,D,1,54,S
1740,S1,M,D,1,54,S
1741,S1,M,D,1,56,S
1742,S1,M,D,1,56,S
1743,S1,M,D,1,59,S
1744,S1,M,D,1,59,S
1745,S1,M,D,1,59,S
1746,S1,M,D,1,59,S
1747,S1,M,D,1,59,S
1748,S1,M,D,1,59,S
1749,S1,M,D,1,66,S
1750,S1,M,D,1,66,S
1751,S1,M,D,1,68,S
1752,S1,M,D,1,68,S
1753,S1,M,D,1,70,S
1754,S1,M,D,1,73,S
1755,S1,M,D,1,73,S
1756,S1,M,D,1,77,S
1757,S1,M,D,1,80,S
1758,S1,M,D,0,3,S
1759,S1,M,D,0,3,S
1760,S1,M,D,0,5,S
1761,S1,M,D,0,5,S
1762,S1,M,D,0,7,S
1763,S1,M,D,0,21,S
1764,S1,M,D,0,31,S
1765,S1,M,D,0,52,S
1766,S2,M,D,1,3,S
1767,S2,M,D,1,3,S
1768,S2,M,D,1,5,S
1769,S2,M,D,1,5,S
1770,S2,M,D,1,10,S
1771,S2,M,D,1,12,S
1772,S2,M,D,1,12,S
1773,S2,M,D,1,12,S
1774,S2,M,D,1,14,S
1775,S2,M,D,1,14,S
1776,S2,M,D,1,17,S
1777,S2,M,D,1,17,S
1778,S2,M,D,1,19,S
1779,S2,M,D,1,24,S
1780,S2,M,D,1,24,S
1781,S2,M,D,1,28,S
1782,S2,M,D,1,28,S
1783,S2,M,D,1,33,S
1784,S2,M,D,1,33,S
1785,S2,M,D,1,33,S
1786,S2,M,D,1,35,S
1787,S2,M,D,1,35,S
1788,S2,M,D,1,38,S
1789,S2,M,D,1,40,S
1790,S2,M,D,1,40,S
1791,S2,M,D,1,40,S
1792,S2,M,D,1,45,S
1793,S2,M,D,1,45,S
1794,S2,M,D,1,45,S
1795,S2,M,D,1,49,S
1796,S2,M,D,1,52,S
1797,S2,M,D,1,54,S
1798,S2,M,D,1,54,S
1799,S2,M,D,1,59,S
1800,S2,M,D,1,59,S
1801,S2,M,D,1,61,S
1802,S2,M,D,1,66,S
1803,S2,M,D,1,66,S
1804,S2,M,D,1,66,S
1805,S2,M,D,1,73,S
1806,S2,M,D,1,73,S
1807,S2,M,D,1,75,S
1808,S2,M,D,1,75,S
1809,S2,M,D,1,75,S
1810,S2,M,D,1,77,S
1811,S2,M,D,1,77,S
1812,S2,M,D,1,80,S
1813,S2,M,D,1,80,S
1814,S2,M,D,1,80,S
1815,S2,M,D,1,80,S
1816,S2,M,D,1,80,S
1817,S2,M,D,1,84,S
1818,S2,M,D,1,87,S
1819,S2,M,D,1,94,S
1820,S2,M,D,0,5,S
1821,S2,M,D,0,5,S
1822,S2,M,D,0,5,S
1823,S2,M,D,0,5,S
1824,S2,M,D,0,5,S
1825,S2,M,D,0,7,S
1826,S2,M,D,0,7,S
1827,S2,M,D,0,14,S
1828,S2,M,D,0,17,S
1829,S2,M,D,0,19,S
1830,S2,M,D,0,21,S
1831,S2,M,D,0,24,S
1832,S2,M,D,0,24,S
1833,S2,M,D,0,26,S
1834,S2,M,D,0,28,S
1835,S2,M,D,0,28,S
1836,S2,M,D,0,35,S
1837,S3,M,D,1,3,S
1838,S3,M,D,1,3,S
1839,S3,M,D,1,14,S
1840,S3,M,D,1,24,S
1841,S3,M,D,1,24,S
1842,S3,M,D,1,26,S
1843,S3,M,D,1,26,S
1844,S3,M,D,1,28,S
1845,S3,M,D,1,28,S
1846,S3,M,D,1,31,S
1847,S3,M,D,1,31,S
1848,S3,M,D,1,33,S
1849,S3,M,D,1,33,S
1850,S3,M,D,1,35,S
1851,S3,M,D,1,38,S
1852,S3,M,D,1,38,S
1853,S3,M,D,1,38,S
1854,S3,M,D,1,38,S
1855,S3,M,D,1,40,S
1856,S3,M,D,1,40,S
1857,S3,M,D,1,45,S
1858,S3,M,D,1,45,S
1859,S3,M,D,1,45,S
1860,S3,M,D,1,45,S
1861,S3,M,D,1,45,S
1862,S3,M,D,1,45,S
1863,S3,M,D,1,47,S
1864,S3,M,D,1,47,S
1865,S3,M,D,1,49,S
1866,S3,M,D,1,49,S
1867,S3,M,D,1,52,S
1868,S3,M,D,1,52,S
1869,S3,M,D,1,52,S
1870,S3,M,D,1,52,S
1871,S3,M,D,1,52,S
1872,S3,M,D,1,52,S
1873,S3,M,D,1,52,S
1874,S3,M,D,1,56,S
1875,S3,M,D,1,56,S
1876,S3,M,D,1,59,S
1877,S3,M,D,1,59,S
1878,S3,M,D,1,59,S
1879,S3,M,D,1,59,S
1880,S3,M,D,1,59,S
1881,S3,M,D,1,61,S
1882,S3,M,D,1,61,S
1883,S3,M,D,1,63,S
1884,S3,M,D,1,68,S
1885,S3,M,D,1,70,S
1886,S3,M,D,1,73,S
1887,S3,M,D,1,73,S
1888,S3,M,D,1,75,S
1889,S3,M,D,1,75,S
1890,S3,M,D,1,77,S
1891,S3,M,D,1,77,S
1892,S3,M,D,1,80,S
1893,S3,M,D,1,80,S
1894,S3,M,D,1,84,S
1895,S3,M,D,1,91,S
1896,S3,M,D,1,94,S
1897,S3,M,D,0,5,S
1898,S3,M,D,0,5,S
1899,S3,M,D,0,5,S
1900,S3,M,D,0,5,S
1901,S3,M,D,0,5,S
1902,S3,M,D,0,5,S
1903,S3,M,D,0,7,S
1904,S3,M,D,0,7,S
1905,S3,M,D,0,7,S
1906,S3,M,D,0,14,S
1907,S3,M,D,0,17,S
1908,S3,M,D,0,19,S
1909,S3,M,D,0,19,S
1910,S3,M,D,0,21,S
1911,S3,M,D,0,21,S
1912,S3,M,D,0,21,S
1913,S3,M,D,0,24,S
1914,S3,M,D,0,26,S
1915,S3,M,D,0,28,S
1916,S3,M,D,0,31,S