"","lines","chro","line_chro","sex"
"1","L1","B","L:B","M"
"2","L1","B","L:B","M"
"3","L1","B","L:B","M"
"4","L1","B","L:B","M"
"5","L1","B","L:B","M"
"6","L1","B","L:B","M"
"7","L1","B","L:B","M"
"8","L1","B","L:B","M"
"9","L1","B","L:B","M"
"10","L1","B","L:B","M"
"11","L1","B","L:B","M"
"12","L1","B","L:B","M"
"13","L1","B","L:B","M"
"14","L1","B","L:B","M"
"15","L1","B","L:B","M"
"16","L1","B","L:B","M"
"17","L1","B","L:B","M"
"18","L1","B","L:B","M"
"19","L1","B","L:B","M"
"20","L1","B","L:B","M"
"21","L1","B","L:B","M"
"22","L1","B","L:B","M"
"23","L1","B","L:B","M"
"24","L1","B","L:B","M"
"25","L1","B","L:B","M"
"26","L1","B","L:B","M"
"27","L1","B","L:B","M"
"28","L1","B","L:B","M"
"29","L1","B","L:B","M"
"30","L1","B","L:B","M"
"31","L1","B","L:B","M"
"32","L1","B","L:B","M"
"33","L1","B","L:B","M"
"34","L1","B","L:B","M"
"35","L1","B","L:B","M"
"36","L1","B","L:B","M"
"37","L1","B","L:B","M"
"38","L1","B","L:B","M"
"39","L1","B","L:B","M"
"40","L1","B","L:B","M"
"41","L1","B","L:B","M"
"42","L1","B","L:B","M"
"43","L1","B","L:B","M"
"44","L1","B","L:B","M"
"45","L1","B","L:B","M"
"46","L1","B","L:B","M"
"47","L1","B","L:B","M"
"48","L1","B","L:B","M"
"49","L1","B","L:B","M"
"50","L1","B","L:B","M"
"51","L1","B","L:B","M"
"52","L1","B","L:B","M"
"53","L1","B","L:B","M"
"54","L1","B","L:B","M"
"55","L1","B","L:B","M"
"56","L1","B","L:B","M"
"57","L1","B","L:B","M"
"58","L1","B","L:B","M"
"59","L1","B","L:B","M"
"60","L1","B","L:B","M"
"61","L1","B","L:B","M"
"62","L1","B","L:B","F"
"63","L1","B","L:B","F"
"64","L1","B","L:B","F"
"65","L1","B","L:B","F"
"66","L1","B","L:B","F"
"67","L1","B","L:B","F"
"68","L1","B","L:B","F"
"69","L1","B","L:B","F"
"70","L1","B","L:B","F"
"71","L1","B","L:B","F"
"72","L1","B","L:B","F"
"73","L1","B","L:B","F"
"74","L1","B","L:B","F"
"75","L1","B","L:B","F"
"76","L1","B","L:B","F"
"77","L1","B","L:B","F"
"78","L1","B","L:B","F"
"79","L1","B","L:B","F"
"80","L1","B","L:B","F"
"81","L1","B","L:B","F"
"82","L1","B","L:B","F"
"83","L1","B","L:B","F"
"84","L1","B","L:B","F"
"85","L1","B","L:B","F"
"86","L1","B","L:B","F"
"87","L1","B","L:B","F"
"88","L1","B","L:B","F"
"89","L1","B","L:B","F"
"90","L1","B","L:B","F"
"91","L1","B","L:B","F"
"92","L1","B","L:B","F"
"93","L1","B","L:B","F"
"94","L1","B","L:B","F"
"95","L1","B","L:B","F"
"96","L1","B","L:B","F"
"97","L1","B","L:B","F"
"98","L1","B","L:B","F"
"99","L1","B","L:B","F"
"100","L1","B","L:B","F"
"101","L1","B","L:B","F"
"102","L1","B","L:B","F"
"103","L1","B","L:B","F"
"104","L1","B","L:B","F"
"105","L1","B","L:B","F"
"106","L1","B","L:B","F"
"107","L1","B","L:B","F"
"108","L1","B","L:B","F"
"109","L1","B","L:B","F"
"110","L1","B","L:B","F"
"111","L1","B","L:B","F"
"112","L1","B","L:B","F"
"113","L1","B","L:B","F"
"114","L1","B","L:B","F"
"115","L1","B","L:B","F"
"116","L1","B","L:B","F"
"117","L1","B","L:B","F"
"118","L1","B","L:B","F"
"119","L1","B","L:B","F"
"120","L1","B","L:B","F"
"121","L1","B","L:B","F"
"122","L1","B","L:B","F"
"123","L1","B","L:B","F"
"124","L1","B","L:B","F"
"125","L1","B","L:B","F"
"126","L1","B","L:B","F"
"127","L1","B","L:B","F"
"128","L1","B","L:B","F"
"129","L1","B","L:B","F"
"130","L1","B","L:B","F"
"131","L2","B","L:B","M"
"132","L2","B","L:B","M"
"133","L2","B","L:B","M"
"134","L2","B","L:B","M"
"135","L2","B","L:B","M"
"136","L2","B","L:B","M"
"137","L2","B","L:B","M"
"138","L2","B","L:B","M"
"139","L2","B","L:B","M"
"140","L2","B","L:B","M"
"141","L2","B","L:B","M"
"142","L2","B","L:B","M"
"143","L2","B","L:B","M"
"144","L2","B","L:B","M"
"145","L2","B","L:B","M"
"146","L2","B","L:B","M"
"147","L2","B","L:B","M"
"148","L2","B","L:B","M"
"149","L2","B","L:B","M"
"150","L2","B","L:B","M"
"151","L2","B","L:B","M"
"152","L2","B","L:B","M"
"153","L2","B","L:B","M"
"154","L2","B","L:B","M"
"155","L2","B","L:B","M"
"156","L2","B","L:B","M"
"157","L2","B","L:B","M"
"158","L2","B","L:B","M"
"159","L2","B","L:B","M"
"160","L2","B","L:B","M"
"161","L2","B","L:B","M"
"162","L2","B","L:B","M"
"163","L2","B","L:B","M"
"164","L2","B","L:B","M"
"165","L2","B","L:B","M"
"166","L2","B","L:B","M"
"167","L2","B","L:B","M"
"168","L2","B","L:B","M"
"169","L2","B","L:B","M"
"170","L2","B","L:B","M"
"171","L2","B","L:B","M"
"172","L2","B","L:B","M"
"173","L2","B","L:B","M"
"174","L2","B","L:B","M"
"175","L2","B","L:B","M"
"176","L2","B","L:B","M"
"177","L2","B","L:B","M"
"178","L2","B","L:B","M"
"179","L2","B","L:B","M"
"180","L2","B","L:B","M"
"181","L2","B","L:B","M"
"182","L2","B","L:B","M"
"183","L2","B","L:B","M"
"184","L2","B","L:B","M"
"185","L2","B","L:B","M"
"186","L2","B","L:B","M"
"187","L2","B","L:B","M"
"188","L2","B","L:B","M"
"189","L2","B","L:B","M"
"190","L2","B","L:B","M"
"191","L2","B","L:B","M"
"192","L2","B","L:B","M"
"193","L2","B","L:B","M"
"194","L2","B","L:B","M"
"195","L2","B","L:B","M"
"196","L2","B","L:B","M"
"197","L2","B","L:B","M"
"198","L2","B","L:B","M"
"199","L2","B","L:B","M"
"200","L2","B","L:B","M"
"201","L2","B","L:B","M"
"202","L2","B","L:B","M"
"203","L2","B","L:B","M"
"204","L2","B","L:B","M"
"205","L2","B","L:B","M"
"206","L2","B","L:B","M"
"207","L2","B","L:B","M"
"208","L2","B","L:B","M"
"209","L2","B","L:B","M"
"210","L2","B","L:B","M"
"211","L2","B","L:B","M"
"212","L2","B","L:B","M"
"213","L2","B","L:B","M"
"214","L2","B","L:B","M"
"215","L2","B","L:B","M"
"216","L2","B","L:B","M"
"217","L2","B","L:B","M"
"218","L2","B","L:B","M"
"219","L2","B","L:B","M"
"220","L2","B","L:B","M"
"221","L2","B","L:B","M"
"222","L2","B","L:B","M"
"223","L2","B","L:B","M"
"224","L2","B","L:B","M"
"225","L2","B","L:B","M"
"226","L2","B","L:B","M"
"227","L2","B","L:B","M"
"228","L2","B","L:B","M"
"229","L2","B","L:B","M"
"230","L2","B","L:B","F"
"231","L2","B","L:B","F"
"232","L2","B","L:B","F"
"233","L2","B","L:B","F"
"234","L2","B","L:B","F"
"235","L2","B","L:B","F"
"236","L2","B","L:B","F"
"237","L2","B","L:B","F"
"238","L2","B","L:B","F"
"239","L2","B","L:B","F"
"240","L2","B","L:B","F"
"241","L2","B","L:B","F"
"242","L2","B","L:B","F"
"243","L2","B","L:B","F"
"244","L2","B","L:B","F"
"245","L2","B","L:B","F"
"246","L2","B","L:B","F"
"247","L2","B","L:B","F"
"248","L2","B","L:B","F"
"249","L2","B","L:B","F"
"250","L2","B","L:B","F"
"251","L2","B","L:B","F"
"252","L2","B","L:B","F"
"253","L2","B","L:B","F"
"254","L2","B","L:B","F"
"255","L2","B","L:B","F"
"256","L2","B","L:B","F"
"257","L2","B","L:B","F"
"258","L2","B","L:B","F"
"259","L2","B","L:B","F"
"260","L2","B","L:B","F"
"261","L2","B","L:B","F"
"262","L2","B","L:B","F"
"263","L2","B","L:B","F"
"264","L2","B","L:B","F"
"265","L2","B","L:B","F"
"266","L2","B","L:B","F"
"267","L2","B","L:B","F"
"268","L2","B","L:B","F"
"269","L2","B","L:B","F"
"270","L2","B","L:B","F"
"271","L2","B","L:B","F"
"272","L2","B","L:B","F"
"273","L2","B","L:B","F"
"274","L2","B","L:B","F"
"275","L2","B","L:B","F"
"276","L2","B","L:B","F"
"277","L2","B","L:B","F"
"278","L2","B","L:B","F"
"279","L2","B","L:B","F"
"280","L2","B","L:B","F"
"281","L2","B","L:B","F"
"282","L2","B","L:B","F"
"283","L2","B","L:B","F"
"284","L2","B","L:B","F"
"285","L2","B","L:B","F"
"286","L2","B","L:B","F"
"287","L2","B","L:B","F"
"288","L2","B","L:B","F"
"289","L2","B","L:B","F"
"290","L2","B","L:B","F"
"291","L2","B","L:B","F"
"292","L2","B","L:B","F"
"293","L2","B","L:B","F"
"294","L2","B","L:B","F"
"295","L2","B","L:B","F"
"296","L2","B","L:B","F"
"297","L2","B","L:B","F"
"298","L2","B","L:B","F"
"299","L2","B","L:B","F"
"300","L2","B","L:B","F"
"301","L2","B","L:B","F"
"302","L2","B","L:B","F"
"303","L2","B","L:B","F"
"304","L2","B","L:B","F"
"305","L2","B","L:B","F"
"306","L2","B","L:B","F"
"307","L2","B","L:B","F"
"308","L2","B","L:B","F"
"309","L2","B","L:B","F"
"310","L2","B","L:B","F"
"311","L2","B","L:B","F"
"312","L2","B","L:B","F"
"313","L2","B","L:B","F"
"314","L2","B","L:B","F"
"315","L2","B","L:B","F"
"316","L2","B","L:B","F"
"317","L2","B","L:B","F"
"318","L2","B","L:B","F"
"319","L2","B","L:B","F"
"320","L2","B","L:B","F"
"321","L2","B","L:B","F"
"322","L2","B","L:B","F"
"323","L2","B","L:B","F"
"324","L2","B","L:B","F"
"325","L2","B","L:B","F"
"326","L2","B","L:B","F"
"327","L2","B","L:B","F"
"328","L2","B","L:B","F"
"329","L2","B","L:B","F"
"330","L2","B","L:B","F"
"331","L2","B","L:B","F"
"332","L2","B","L:B","F"
"333","L2","B","L:B","F"
"334","L2","B","L:B","F"
"335","L2","B","L:B","F"
"336","L2","B","L:B","F"
"337","L2","B","L:B","F"
"338","L2","B","L:B","F"
"339","L2","B","L:B","F"
"340","L2","B","L:B","F"
"341","L2","B","L:B","F"
"342","L3","B","L:B","M"
"343","L3","B","L:B","M"
"344","L3","B","L:B","M"
"345","L3","B","L:B","M"
"346","L3","B","L:B","M"
"347","L3","B","L:B","M"
"348","L3","B","L:B","M"
"349","L3","B","L:B","M"
"350","L3","B","L:B","M"
"351","L3","B","L:B","M"
"352","L3","B","L:B","M"
"353","L3","B","L:B","M"
"354","L3","B","L:B","M"
"355","L3","B","L:B","M"
"356","L3","B","L:B","M"
"357","L3","B","L:B","M"
"358","L3","B","L:B","M"
"359","L3","B","L:B","M"
"360","L3","B","L:B","M"
"361","L3","B","L:B","M"
"362","L3","B","L:B","M"
"363","L3","B","L:B","M"
"364","L3","B","L:B","M"
"365","L3","B","L:B","M"
"366","L3","B","L:B","M"
"367","L3","B","L:B","M"
"368","L3","B","L:B","M"
"369","L3","B","L:B","M"
"370","L3","B","L:B","M"
"371","L3","B","L:B","M"
"372","L3","B","L:B","M"
"373","L3","B","L:B","M"
"374","L3","B","L:B","M"
"375","L3","B","L:B","M"
"376","L3","B","L:B","M"
"377","L3","B","L:B","M"
"378","L3","B","L:B","M"
"379","L3","B","L:B","M"
"380","L3","B","L:B","M"
"381","L3","B","L:B","M"
"382","L3","B","L:B","M"
"383","L3","B","L:B","M"
"384","L3","B","L:B","M"
"385","L3","B","L:B","M"
"386","L3","B","L:B","M"
"387","L3","B","L:B","M"
"388","L3","B","L:B","M"
"389","L3","B","L:B","M"
"390","L3","B","L:B","M"
"391","L3","B","L:B","M"
"392","L3","B","L:B","M"
"393","L3","B","L:B","M"
"394","L3","B","L:B","M"
"395","L3","B","L:B","M"
"396","L3","B","L:B","M"
"397","L3","B","L:B","M"
"398","L3","B","L:B","M"
"399","L3","B","L:B","M"
"400","L3","B","L:B","M"
"401","L3","B","L:B","M"
"402","L3","B","L:B","M"
"403","L3","B","L:B","M"
"404","L3","B","L:B","M"
"405","L3","B","L:B","M"
"406","L3","B","L:B","M"
"407","L3","B","L:B","M"
"408","L3","B","L:B","M"
"409","L3","B","L:B","M"
"410","L3","B","L:B","M"
"411","L3","B","L:B","M"
"412","L3","B","L:B","M"
"413","L3","B","L:B","M"
"414","L3","B","L:B","M"
"415","L3","B","L:B","M"
"416","L3","B","L:B","M"
"417","L3","B","L:B","M"
"418","L3","B","L:B","M"
"419","L3","B","L:B","M"
"420","L3","B","L:B","M"
"421","L3","B","L:B","M"
"422","L3","B","L:B","M"
"423","L3","B","L:B","M"
"424","L3","B","L:B","M"
"425","L3","B","L:B","M"
"426","L3","B","L:B","M"
"427","L3","B","L:B","M"
"428","L3","B","L:B","M"
"429","L3","B","L:B","M"
"430","L3","B","L:B","M"
"431","L3","B","L:B","M"
"432","L3","B","L:B","M"
"433","L3","B","L:B","M"
"434","L3","B","L:B","M"
"435","L3","B","L:B","M"
"436","L3","B","L:B","M"
"437","L3","B","L:B","M"
"438","L3","B","L:B","M"
"439","L3","B","L:B","M"
"440","L3","B","L:B","M"
"441","L3","B","L:B","M"
"442","L3","B","L:B","M"
"443","L3","B","L:B","M"
"444","L3","B","L:B","M"
"445","L3","B","L:B","M"
"446","L3","B","L:B","M"
"447","L3","B","L:B","M"
"448","L3","B","L:B","M"
"449","L3","B","L:B","M"
"450","L3","B","L:B","M"
"451","L3","B","L:B","M"
"452","L3","B","L:B","M"
"453","L3","B","L:B","M"
"454","L3","B","L:B","M"
"455","L3","B","L:B","M"
"456","L3","B","L:B","M"
"457","L3","B","L:B","M"
"458","L3","B","L:B","M"
"459","L3","B","L:B","M"
"460","L3","B","L:B","M"
"461","L3","B","L:B","M"
"462","L3","B","L:B","M"
"463","L3","B","L:B","M"
"464","L3","B","L:B","M"
"465","L3","B","L:B","M"
"466","L3","B","L:B","M"
"467","L3","B","L:B","M"
"468","L3","B","L:B","M"
"469","L3","B","L:B","M"
"470","L3","B","L:B","M"
"471","L3","B","L:B","F"
"472","L3","B","L:B","F"
"473","L3","B","L:B","F"
"474","L3","B","L:B","F"
"475","L3","B","L:B","F"
"476","L3","B","L:B","F"
"477","L3","B","L:B","F"
"478","L3","B","L:B","F"
"479","L3","B","L:B","F"
"480","L3","B","L:B","F"
"481","L3","B","L:B","F"
"482","L3","B","L:B","F"
"483","L3","B","L:B","F"
"484","L3","B","L:B","F"
"485","L3","B","L:B","F"
"486","L3","B","L:B","F"
"487","L3","B","L:B","F"
"488","L3","B","L:B","F"
"489","L3","B","L:B","F"
"490","L3","B","L:B","F"
"491","L3","B","L:B","F"
"492","L3","B","L:B","F"
"493","L3","B","L:B","F"
"494","L3","B","L:B","F"
"495","L3","B","L:B","F"
"496","L3","B","L:B","F"
"497","L3","B","L:B","F"
"498","L3","B","L:B","F"
"499","L3","B","L:B","F"
"500","L3","B","L:B","F"
"501","L3","B","L:B","F"
"502","L3","B","L:B","F"
"503","L3","B","L:B","F"
"504","L3","B","L:B","F"
"505","L3","B","L:B","F"
"506","L3","B","L:B","F"
"507","L3","B","L:B","F"
"508","L3","B","L:B","F"
"509","L3","B","L:B","F"
"510","L3","B","L:B","F"
"511","L3","B","L:B","F"
"512","L3","B","L:B","F"
"513","L3","B","L:B","F"
"514","L3","B","L:B","F"
"515","L3","B","L:B","F"
"516","L3","B","L:B","F"
"517","L3","B","L:B","F"
"518","L3","B","L:B","F"
"519","L3","B","L:B","F"
"520","L3","B","L:B","F"
"521","L3","B","L:B","F"
"522","L3","B","L:B","F"
"523","L3","B","L:B","F"
"524","L3","B","L:B","F"
"525","L3","B","L:B","F"
"526","L3","B","L:B","F"
"527","L3","B","L:B","F"
"528","L3","B","L:B","F"
"529","L3","B","L:B","F"
"530","L3","B","L:B","F"
"531","L3","B","L:B","F"
"532","L3","B","L:B","F"
"533","L3","B","L:B","F"
"534","L3","B","L:B","F"
"535","L3","B","L:B","F"
"536","L3","B","L:B","F"
"537","L3","B","L:B","F"
"538","L3","B","L:B","F"
"539","L3","B","L:B","F"
"540","L3","B","L:B","F"
"541","L3","B","L:B","F"
"542","L3","B","L:B","F"
"543","L3","B","L:B","F"
"544","L3","B","L:B","F"
"545","L3","B","L:B","F"
"546","L3","B","L:B","F"
"547","L3","B","L:B","F"
"548","L3","B","L:B","F"
"549","L3","B","L:B","F"
"550","L3","B","L:B","F"
"551","L3","B","L:B","F"
"552","L3","B","L:B","F"
"553","L3","B","L:B","F"
"554","L3","B","L:B","F"
"555","L3","B","L:B","F"
"556","L3","B","L:B","F"
"557","L3","B","L:B","F"
"558","L3","B","L:B","F"
"559","L3","B","L:B","F"
"560","L3","B","L:B","F"
"561","L3","B","L:B","F"
"562","L3","B","L:B","F"
"563","L3","B","L:B","F"
"564","L3","B","L:B","F"
"565","L3","B","L:B","F"
"566","L3","B","L:B","F"
"567","L3","B","L:B","F"
"568","L3","B","L:B","F"
"569","L3","B","L:B","F"
"570","L3","B","L:B","F"
"571","L3","B","L:B","F"
"572","L3","B","L:B","F"
"573","L3","B","L:B","F"
"574","L3","B","L:B","F"
"575","L3","B","L:B","F"
"576","L3","B","L:B","F"
"577","L3","B","L:B","F"
"578","L3","B","L:B","F"
"579","L3","B","L:B","F"
"580","L3","B","L:B","F"
"581","L3","B","L:B","F"
"582","L3","B","L:B","F"
"583","L3","B","L:B","F"
"584","L3","B","L:B","F"
"585","L3","B","L:B","F"
"586","L3","B","L:B","F"
"587","L3","B","L:B","F"
"588","L3","B","L:B","F"
"589","L3","B","L:B","F"
"590","L3","B","L:B","F"
"591","L3","B","L:B","F"
"592","L3","B","L:B","F"
"593","L3","B","L:B","F"
"594","L3","B","L:B","F"
"595","L3","B","L:B","F"
"596","L3","B","L:B","F"
"597","L3","B","L:B","F"
"598","L3","B","L:B","F"
"599","L3","B","L:B","F"
"600","L3","B","L:B","F"
"601","L3","B","L:B","F"
"602","L3","B","L:B","F"
"603","L3","B","L:B","F"
"604","L3","B","L:B","F"
"605","L3","B","L:B","F"
"606","L3","B","L:B","F"
"607","L3","B","L:B","F"
"608","L3","B","L:B","F"
"609","L3","B","L:B","F"
"610","L3","B","L:B","F"
"611","L3","B","L:B","F"
"612","S1","B","S:B","M"
"613","S1","B","S:B","M"
"614","S1","B","S:B","M"
"615","S1","B","S:B","M"
"616","S1","B","S:B","M"
"617","S1","B","S:B","M"
"618","S1","B","S:B","M"
"619","S1","B","S:B","M"
"620","S1","B","S:B","M"
"621","S1","B","S:B","M"
"622","S1","B","S:B","M"
"623","S1","B","S:B","M"
"624","S1","B","S:B","M"
"625","S1","B","S:B","M"
"626","S1","B","S:B","M"
"627","S1","B","S:B","M"
"628","S1","B","S:B","M"
"629","S1","B","S:B","M"
"630","S1","B","S:B","M"
"631","S1","B","S:B","M"
"632","S1","B","S:B","M"
"633","S1","B","S:B","M"
"634","S1","B","S:B","M"
"635","S1","B","S:B","M"
"636","S1","B","S:B","M"
"637","S1","B","S:B","M"
"638","S1","B","S:B","M"
"639","S1","B","S:B","M"
"640","S1","B","S:B","M"
"641","S1","B","S:B","M"
"642","S1","B","S:B","M"
"643","S1","B","S:B","M"
"644","S1","B","S:B","M"
"645","S1","B","S:B","M"
"646","S1","B","S:B","M"
"647","S1","B","S:B","M"
"648","S1","B","S:B","M"
"649","S1","B","S:B","M"
"650","S1","B","S:B","M"
"651","S1","B","S:B","M"
"652","S1","B","S:B","M"
"653","S1","B","S:B","M"
"654","S1","B","S:B","M"
"655","S1","B","S:B","M"
"656","S1","B","S:B","M"
"657","S1","B","S:B","M"
"658","S1","B","S:B","M"
"659","S1","B","S:B","M"
"660","S1","B","S:B","M"
"661","S1","B","S:B","M"
"662","S1","B","S:B","M"
"663","S1","B","S:B","M"
"664","S1","B","S:B","M"
"665","S1","B","S:B","M"
"666","S1","B","S:B","M"
"667","S1","B","S:B","M"
"668","S1","B","S:B","M"
"669","S1","B","S:B","M"
"670","S1","B","S:B","M"
"671","S1","B","S:B","M"
"672","S1","B","S:B","M"
"673","S1","B","S:B","M"
"674","S1","B","S:B","M"
"675","S1","B","S:B","M"
"676","S1","B","S:B","M"
"677","S1","B","S:B","M"
"678","S1","B","S:B","M"
"679","S1","B","S:B","M"
"680","S1","B","S:B","M"
"681","S1","B","S:B","M"
"682","S1","B","S:B","M"
"683","S1","B","S:B","M"
"684","S1","B","S:B","M"
"685","S1","B","S:B","M"
"686","S1","B","S:B","M"
"687","S1","B","S:B","M"
"688","S1","B","S:B","M"
"689","S1","B","S:B","M"
"690","S1","B","S:B","M"
"691","S1","B","S:B","F"
"692","S1","B","S:B","F"
"693","S1","B","S:B","F"
"694","S1","B","S:B","F"
"695","S1","B","S:B","F"
"696","S1","B","S:B","F"
"697","S1","B","S:B","F"
"698","S1","B","S:B","F"
"699","S1","B","S:B","F"
"700","S1","B","S:B","F"
"701","S1","B","S:B","F"
"702","S1","B","S:B","F"
"703","S1","B","S:B","F"
"704","S1","B","S:B","F"
"705","S1","B","S:B","F"
"706","S1","B","S:B","F"
"707","S1","B","S:B","F"
"708","S1","B","S:B","F"
"709","S1","B","S:B","F"
"710","S1","B","S:B","F"
"711","S1","B","S:B","F"
"712","S1","B","S:B","F"
"713","S1","B","S:B","F"
"714","S1","B","S:B","F"
"715","S1","B","S:B","F"
"716","S1","B","S:B","F"
"717","S1","B","S:B","F"
"718","S1","B","S:B","F"
"719","S1","B","S:B","F"
"720","S1","B","S:B","F"
"721","S1","B","S:B","F"
"722","S1","B","S:B","F"
"723","S1","B","S:B","F"
"724","S1","B","S:B","F"
"725","S1","B","S:B","F"
"726","S1","B","S:B","F"
"727","S1","B","S:B","F"
"728","S1","B","S:B","F"
"729","S1","B","S:B","F"
"730","S1","B","S:B","F"
"731","S1","B","S:B","F"
"732","S1","B","S:B","F"
"733","S1","B","S:B","F"
"734","S1","B","S:B","F"
"735","S1","B","S:B","F"
"736","S1","B","S:B","F"
"737","S1","B","S:B","F"
"738","S1","B","S:B","F"
"739","S1","B","S:B","F"
"740","S1","B","S:B","F"
"741","S1","B","S:B","F"
"742","S1","B","S:B","F"
"743","S1","B","S:B","F"
"744","S1","B","S:B","F"
"745","S1","B","S:B","F"
"746","S1","B","S:B","F"
"747","S1","B","S:B","F"
"748","S1","B","S:B","F"
"749","S1","B","S:B","F"
"750","S1","B","S:B","F"
"751","S1","B","S:B","F"
"752","S1","B","S:B","F"
"753","S1","B","S:B","F"
"754","S1","B","S:B","F"
"755","S1","B","S:B","F"
"756","S1","B","S:B","F"
"757","S1","B","S:B","F"
"758","S1","B","S:B","F"
"759","S1","B","S:B","F"
"760","S1","B","S:B","F"
"761","S1","B","S:B","F"
"762","S1","B","S:B","F"
"763","S1","B","S:B","F"
"764","S1","B","S:B","F"
"765","S1","B","S:B","F"
"766","S1","B","S:B","F"
"767","S1","B","S:B","F"
"768","S1","B","S:B","F"
"769","S1","B","S:B","F"
"770","S1","B","S:B","F"
"771","S1","B","S:B","F"
"772","S1","B","S:B","F"
"773","S1","B","S:B","F"
"774","S1","B","S:B","F"
"775","S1","B","S:B","F"
"776","S1","B","S:B","F"
"777","S1","B","S:B","F"
"778","S1","B","S:B","F"
"779","S1","B","S:B","F"
"780","S1","B","S:B","F"
"781","S2","B","S:B","M"
"782","S2","B","S:B","M"
"783","S2","B","S:B","M"
"784","S2","B","S:B","M"
"785","S2","B","S:B","M"
"786","S2","B","S:B","M"
"787","S2","B","S:B","M"
"788","S2","B","S:B","M"
"789","S2","B","S:B","M"
"790","S2","B","S:B","M"
"791","S2","B","S:B","M"
"792","S2","B","S:B","M"
"793","S2","B","S:B","M"
"794","S2","B","S:B","M"
"795","S2","B","S:B","M"
"796","S2","B","S:B","M"
"797","S2","B","S:B","M"
"798","S2","B","S:B","M"
"799","S2","B","S:B","M"
"800","S2","B","S:B","M"
"801","S2","B","S:B","M"
"802","S2","B","S:B","M"
"803","S2","B","S:B","M"
"804","S2","B","S:B","M"
"805","S2","B","S:B","M"
"806","S2","B","S:B","M"
"807","S2","B","S:B","M"
"808","S2","B","S:B","M"
"809","S2","B","S:B","M"
"810","S2","B","S:B","M"
"811","S2","B","S:B","M"
"812","S2","B","S:B","M"
"813","S2","B","S:B","M"
"814","S2","B","S:B","M"
"815","S2","B","S:B","M"
"816","S2","B","S:B","M"
"817","S2","B","S:B","M"
"818","S2","B","S:B","M"
"819","S2","B","S:B","M"
"820","S2","B","S:B","M"
"821","S2","B","S:B","M"
"822","S2","B","S:B","M"
"823","S2","B","S:B","M"
"824","S2","B","S:B","M"
"825","S2","B","S:B","M"
"826","S2","B","S:B","M"
"827","S2","B","S:B","M"
"828","S2","B","S:B","M"
"829","S2","B","S:B","M"
"830","S2","B","S:B","M"
"831","S2","B","S:B","M"
"832","S2","B","S:B","M"
"833","S2","B","S:B","M"
"834","S2","B","S:B","F"
"835","S2","B","S:B","F"
"836","S2","B","S:B","F"
"837","S2","B","S:B","F"
"838","S2","B","S:B","F"
"839","S2","B","S:B","F"
"840","S2","B","S:B","F"
"841","S2","B","S:B","F"
"842","S2","B","S:B","F"
"843","S2","B","S:B","F"
"844","S2","B","S:B","F"
"845","S2","B","S:B","F"
"846","S2","B","S:B","F"
"847","S2","B","S:B","F"
"848","S2","B","S:B","F"
"849","S2","B","S:B","F"
"850","S2","B","S:B","F"
"851","S2","B","S:B","F"
"852","S2","B","S:B","F"
"853","S2","B","S:B","F"
"854","S2","B","S:B","F"
"855","S2","B","S:B","F"
"856","S2","B","S:B","F"
"857","S2","B","S:B","F"
"858","S2","B","S:B","F"
"859","S2","B","S:B","F"
"860","S2","B","S:B","F"
"861","S2","B","S:B","F"
"862","S2","B","S:B","F"
"863","S2","B","S:B","F"
"864","S2","B","S:B","F"
"865","S2","B","S:B","F"
"866","S2","B","S:B","F"
"867","S2","B","S:B","F"
"868","S2","B","S:B","F"
"869","S2","B","S:B","F"
"870","S3","B","S:B","M"
"871","S3","B","S:B","M"
"872","S3","B","S:B","M"
"873","S3","B","S:B","M"
"874","S3","B","S:B","M"
"875","S3","B","S:B","M"
"876","S3","B","S:B","M"
"877","S3","B","S:B","M"
"878","S3","B","S:B","M"
"879","S3","B","S:B","M"
"880","S3","B","S:B","M"
"881","S3","B","S:B","M"
"882","S3","B","S:B","M"
"883","S3","B","S:B","M"
"884","S3","B","S:B","M"
"885","S3","B","S:B","M"
"886","S3","B","S:B","M"
"887","S3","B","S:B","M"
"888","S3","B","S:B","M"
"889","S3","B","S:B","M"
"890","S3","B","S:B","M"
"891","S3","B","S:B","F"
"892","S3","B","S:B","F"
"893","S3","B","S:B","F"
"894","S3","B","S:B","F"
"895","S3","B","S:B","F"
"896","S3","B","S:B","F"
"897","S3","B","S:B","F"
"898","S3","B","S:B","F"
"899","S3","B","S:B","F"
"900","S3","B","S:B","F"
"901","S3","B","S:B","F"
"902","S3","B","S:B","F"
"903","S3","B","S:B","F"
"904","S3","B","S:B","F"
"905","S3","B","S:B","F"
"906","S3","B","S:B","F"
"907","S3","B","S:B","F"
"908","S3","B","S:B","F"
"909","S3","B","S:B","F"
"910","S3","B","S:B","F"
"911","S3","B","S:B","F"
"912","S3","B","S:B","F"
"913","S3","B","S:B","F"
"914","S3","B","S:B","F"
"915","S3","B","S:B","F"
"916","S3","B","S:B","F"
"917","S3","B","S:B","F"
"918","S3","B","S:B","F"
"919","S3","B","S:B","F"
"920","S3","B","S:B","F"
"921","S3","B","S:B","F"
"922","S3","B","S:B","F"
"923","L1","D","L:D","M"
"924","L1","D","L:D","M"
"925","L1","D","L:D","M"
"926","L1","D","L:D","M"
"927","L1","D","L:D","M"
"928","L1","D","L:D","M"
"929","L1","D","L:D","M"
"930","L1","D","L:D","M"
"931","L1","D","L:D","M"
"932","L1","D","L:D","M"
"933","L1","D","L:D","M"
"934","L1","D","L:D","M"
"935","L1","D","L:D","M"
"936","L1","D","L:D","M"
"937","L1","D","L:D","M"
"938","L1","D","L:D","M"
"939","L1","D","L:D","M"
"940","L1","D","L:D","M"
"941","L1","D","L:D","M"
"942","L1","D","L:D","M"
"943","L1","D","L:D","M"
"944","L1","D","L:D","M"
"945","L1","D","L:D","M"
"946","L1","D","L:D","M"
"947","L1","D","L:D","M"
"948","L1","D","L:D","M"
"949","L1","D","L:D","M"
"950","L1","D","L:D","M"
"951","L1","D","L:D","M"
"952","L1","D","L:D","M"
"953","L1","D","L:D","M"
"954","L1","D","L:D","M"
"955","L1","D","L:D","M"
"956","L1","D","L:D","M"
"957","L1","D","L:D","M"
"958","L1","D","L:D","M"
"959","L1","D","L:D","M"
"960","L1","D","L:D","M"
"961","L1","D","L:D","M"
"962","L1","D","L:D","M"
"963","L1","D","L:D","M"
"964","L1","D","L:D","M"
"965","L1","D","L:D","M"
"966","L1","D","L:D","M"
"967","L1","D","L:D","M"
"968","L1","D","L:D","M"
"969","L1","D","L:D","M"
"970","L1","D","L:D","M"
"971","L1","D","L:D","M"
"972","L1","D","L:D","M"
"973","L1","D","L:D","M"
"974","L1","D","L:D","M"
"975","L1","D","L:D","M"
"976","L1","D","L:D","M"
"977","L1","D","L:D","M"
"978","L1","D","L:D","M"
"979","L1","D","L:D","M"
"980","L1","D","L:D","M"
"981","L1","D","L:D","M"
"982","L1","D","L:D","M"
"983","L1","D","L:D","M"
"984","L1","D","L:D","M"
"985","L1","D","L:D","M"
"986","L1","D","L:D","M"
"987","L1","D","L:D","M"
"988","L1","D","L:D","M"
"989","L1","D","L:D","M"
"990","L1","D","L:D","M"
"991","L1","D","L:D","M"
"992","L1","D","L:D","F"
"993","L1","D","L:D","F"
"994","L1","D","L:D","F"
"995","L1","D","L:D","F"
"996","L1","D","L:D","F"
"997","L1","D","L:D","F"
"998","L1","D","L:D","F"
"999","L1","D","L:D","F"
"1000","L1","D","L:D","F"
"1001","L1","D","L:D","F"
"1002","L1","D","L:D","F"
"1003","L1","D","L:D","F"
"1004","L1","D","L:D","F"
"1005","L1","D","L:D","F"
"1006","L1","D","L:D","F"
"1007","L1","D","L:D","F"
"1008","L1","D","L:D","F"
"1009","L1","D","L:D","F"
"1010","L1","D","L:D","F"
"1011","L1","D","L:D","F"
"1012","L1","D","L:D","F"
"1013","L1","D","L:D","F"
"1014","L1","D","L:D","F"
"1015","L1","D","L:D","F"
"1016","L1","D","L:D","F"
"1017","L1","D","L:D","F"
"1018","L1","D","L:D","F"
"1019","L1","D","L:D","F"
"1020","L1","D","L:D","F"
"1021","L1","D","L:D","F"
"1022","L1","D","L:D","F"
"1023","L1","D","L:D","F"
"1024","L1","D","L:D","F"
"1025","L1","D","L:D","F"
"1026","L1","D","L:D","F"
"1027","L1","D","L:D","F"
"1028","L1","D","L:D","F"
"1029","L1","D","L:D","F"
"1030","L1","D","L:D","F"
"1031","L1","D","L:D","F"
"1032","L1","D","L:D","F"
"1033","L1","D","L:D","F"
"1034","L1","D","L:D","F"
"1035","L1","D","L:D","F"
"1036","L1","D","L:D","F"
"1037","L1","D","L:D","F"
"1038","L1","D","L:D","F"
"1039","L1","D","L:D","F"
"1040","L1","D","L:D","F"
"1041","L1","D","L:D","F"
"1042","L1","D","L:D","F"
"1043","L1","D","L:D","F"
"1044","L1","D","L:D","F"
"1045","L1","D","L:D","F"
"1046","L1","D","L:D","F"
"1047","L1","D","L:D","F"
"1048","L1","D","L:D","F"
"1049","L1","D","L:D","F"
"1050","L1","D","L:D","F"
"1051","L1","D","L:D","F"
"1052","L1","D","L:D","F"
"1053","L1","D","L:D","F"
"1054","L1","D","L:D","F"
"1055","L1","D","L:D","F"
"1056","L1","D","L:D","F"
"1057","L1","D","L:D","F"
"1058","L1","D","L:D","F"
"1059","L1","D","L:D","F"
"1060","L1","D","L:D","F"
"1061","L1","D","L:D","F"
"1062","L1","D","L:D","F"
"1063","L1","D","L:D","F"
"1064","L1","D","L:D","F"
"1065","L1","D","L:D","F"
"1066","L1","D","L:D","F"
"1067","L1","D","L:D","F"
"1068","L1","D","L:D","F"
"1069","L1","D","L:D","F"
"1070","L1","D","L:D","F"
"1071","L1","D","L:D","F"
"1072","L1","D","L:D","F"
"1073","L1","D","L:D","F"
"1074","L1","D","L:D","F"
"1075","L1","D","L:D","F"
"1076","L1","D","L:D","F"
"1077","L1","D","L:D","F"
"1078","L1","D","L:D","F"
"1079","L1","D","L:D","F"
"1080","L1","D","L:D","F"
"1081","L1","D","L:D","F"
"1082","L1","D","L:D","F"
"1083","L1","D","L:D","F"
"1084","L1","D","L:D","F"
"1085","L1","D","L:D","F"
"1086","L1","D","L:D","F"
"1087","L1","D","L:D","F"
"1088","L1","D","L:D","F"
"1089","L2","D","L:D","M"
"1090","L2","D","L:D","M"
"1091","L2","D","L:D","M"
"1092","L2","D","L:D","M"
"1093","L2","D","L:D","M"
"1094","L2","D","L:D","M"
"1095","L2","D","L:D","M"
"1096","L2","D","L:D","M"
"1097","L2","D","L:D","M"
"1098","L2","D","L:D","M"
"1099","L2","D","L:D","M"
"1100","L2","D","L:D","M"
"1101","L2","D","L:D","M"
"1102","L2","D","L:D","M"
"1103","L2","D","L:D","M"
"1104","L2","D","L:D","M"
"1105","L2","D","L:D","M"
"1106","L2","D","L:D","M"
"1107","L2","D","L:D","M"
"1108","L2","D","L:D","M"
"1109","L2","D","L:D","M"
"1110","L2","D","L:D","M"
"1111","L2","D","L:D","M"
"1112","L2","D","L:D","M"
"1113","L2","D","L:D","M"
"1114","L2","D","L:D","M"
"1115","L2","D","L:D","M"
"1116","L2","D","L:D","M"
"1117","L2","D","L:D","M"
"1118","L2","D","L:D","M"
"1119","L2","D","L:D","M"
"1120","L2","D","L:D","M"
"1121","L2","D","L:D","M"
"1122","L2","D","L:D","M"
"1123","L2","D","L:D","M"
"1124","L2","D","L:D","M"
"1125","L2","D","L:D","M"
"1126","L2","D","L:D","M"
"1127","L2","D","L:D","M"
"1128","L2","D","L:D","M"
"1129","L2","D","L:D","M"
"1130","L2","D","L:D","M"
"1131","L2","D","L:D","M"
"1132","L2","D","L:D","M"
"1133","L2","D","L:D","M"
"1134","L2","D","L:D","M"
"1135","L2","D","L:D","M"
"1136","L2","D","L:D","M"
"1137","L2","D","L:D","M"
"1138","L2","D","L:D","M"
"1139","L2","D","L:D","M"
"1140","L2","D","L:D","M"
"1141","L2","D","L:D","M"
"1142","L2","D","L:D","M"
"1143","L2","D","L:D","M"
"1144","L2","D","L:D","M"
"1145","L2","D","L:D","M"
"1146","L2","D","L:D","M"
"1147","L2","D","L:D","M"
"1148","L2","D","L:D","M"
"1149","L2","D","L:D","M"
"1150","L2","D","L:D","M"
"1151","L2","D","L:D","M"
"1152","L2","D","L:D","M"
"1153","L2","D","L:D","M"
"1154","L2","D","L:D","M"
"1155","L2","D","L:D","M"
"1156","L2","D","L:D","M"
"1157","L2","D","L:D","M"
"1158","L2","D","L:D","M"
"1159","L2","D","L:D","M"
"1160","L2","D","L:D","M"
"1161","L2","D","L:D","M"
"1162","L2","D","L:D","M"
"1163","L2","D","L:D","M"
"1164","L2","D","L:D","M"
"1165","L2","D","L:D","M"
"1166","L2","D","L:D","M"
"1167","L2","D","L:D","M"
"1168","L2","D","L:D","M"
"1169","L2","D","L:D","M"
"1170","L2","D","L:D","M"
"1171","L2","D","L:D","M"
"1172","L2","D","L:D","M"
"1173","L2","D","L:D","M"
"1174","L2","D","L:D","M"
"1175","L2","D","L:D","M"
"1176","L2","D","L:D","M"
"1177","L2","D","L:D","M"
"1178","L2","D","L:D","M"
"1179","L2","D","L:D","M"
"1180","L2","D","L:D","M"
"1181","L2","D","L:D","M"
"1182","L2","D","L:D","M"
"1183","L2","D","L:D","M"
"1184","L2","D","L:D","M"
"1185","L2","D","L:D","M"
"1186","L2","D","L:D","M"
"1187","L2","D","L:D","M"
"1188","L2","D","L:D","M"
"1189","L2","D","L:D","M"
"1190","L2","D","L:D","M"
"1191","L2","D","L:D","M"
"1192","L2","D","L:D","M"
"1193","L2","D","L:D","M"
"1194","L2","D","L:D","M"
"1195","L2","D","L:D","M"
"1196","L2","D","L:D","M"
"1197","L2","D","L:D","M"
"1198","L2","D","L:D","M"
"1199","L2","D","L:D","M"
"1200","L2","D","L:D","M"
"1201","L2","D","L:D","M"
"1202","L2","D","L:D","M"
"1203","L2","D","L:D","M"
"1204","L2","D","L:D","M"
"1205","L2","D","L:D","M"
"1206","L2","D","L:D","M"
"1207","L2","D","L:D","M"
"1208","L2","D","L:D","M"
"1209","L2","D","L:D","M"
"1210","L2","D","L:D","M"
"1211","L2","D","L:D","M"
"1212","L2","D","L:D","M"
"1213","L2","D","L:D","M"
"1214","L2","D","L:D","M"
"1215","L2","D","L:D","M"
"1216","L2","D","L:D","M"
"1217","L2","D","L:D","M"
"1218","L2","D","L:D","M"
"1219","L2","D","L:D","M"
"1220","L2","D","L:D","M"
"1221","L2","D","L:D","M"
"1222","L2","D","L:D","M"
"1223","L2","D","L:D","M"
"1224","L2","D","L:D","M"
"1225","L2","D","L:D","M"
"1226","L2","D","L:D","F"
"1227","L2","D","L:D","F"
"1228","L2","D","L:D","F"
"1229","L2","D","L:D","F"
"1230","L2","D","L:D","F"
"1231","L2","D","L:D","F"
"1232","L2","D","L:D","F"
"1233","L2","D","L:D","F"
"1234","L2","D","L:D","F"
"1235","L2","D","L:D","F"
"1236","L2","D","L:D","F"
"1237","L2","D","L:D","F"
"1238","L2","D","L:D","F"
"1239","L2","D","L:D","F"
"1240","L2","D","L:D","F"
"1241","L2","D","L:D","F"
"1242","L2","D","L:D","F"
"1243","L2","D","L:D","F"
"1244","L2","D","L:D","F"
"1245","L2","D","L:D","F"
"1246","L2","D","L:D","F"
"1247","L2","D","L:D","F"
"1248","L2","D","L:D","F"
"1249","L2","D","L:D","F"
"1250","L2","D","L:D","F"
"1251","L2","D","L:D","F"
"1252","L2","D","L:D","F"
"1253","L2","D","L:D","F"
"1254","L2","D","L:D","F"
"1255","L2","D","L:D","F"
"1256","L2","D","L:D","F"
"1257","L2","D","L:D","F"
"1258","L2","D","L:D","F"
"1259","L2","D","L:D","F"
"1260","L2","D","L:D","F"
"1261","L2","D","L:D","F"
"1262","L2","D","L:D","F"
"1263","L2","D","L:D","F"
"1264","L2","D","L:D","F"
"1265","L2","D","L:D","F"
"1266","L2","D","L:D","F"
"1267","L2","D","L:D","F"
"1268","L2","D","L:D","F"
"1269","L2","D","L:D","F"
"1270","L2","D","L:D","F"
"1271","L2","D","L:D","F"
"1272","L2","D","L:D","F"
"1273","L2","D","L:D","F"
"1274","L2","D","L:D","F"
"1275","L2","D","L:D","F"
"1276","L2","D","L:D","F"
"1277","L2","D","L:D","F"
"1278","L2","D","L:D","F"
"1279","L2","D","L:D","F"
"1280","L2","D","L:D","F"
"1281","L2","D","L:D","F"
"1282","L2","D","L:D","F"
"1283","L2","D","L:D","F"
"1284","L2","D","L:D","F"
"1285","L2","D","L:D","F"
"1286","L2","D","L:D","F"
"1287","L2","D","L:D","F"
"1288","L2","D","L:D","F"
"1289","L2","D","L:D","F"
"1290","L2","D","L:D","F"
"1291","L2","D","L:D","F"
"1292","L2","D","L:D","F"
"1293","L2","D","L:D","F"
"1294","L2","D","L:D","F"
"1295","L2","D","L:D","F"
"1296","L2","D","L:D","F"
"1297","L2","D","L:D","F"
"1298","L2","D","L:D","F"
"1299","L2","D","L:D","F"
"1300","L2","D","L:D","F"
"1301","L2","D","L:D","F"
"1302","L2","D","L:D","F"
"1303","L2","D","L:D","F"
"1304","L2","D","L:D","F"
"1305","L2","D","L:D","F"
"1306","L2","D","L:D","F"
"1307","L2","D","L:D","F"
"1308","L2","D","L:D","F"
"1309","L2","D","L:D","F"
"1310","L2","D","L:D","F"
"1311","L2","D","L:D","F"
"1312","L2","D","L:D","F"
"1313","L2","D","L:D","F"
"1314","L2","D","L:D","F"
"1315","L2","D","L:D","F"
"1316","L2","D","L:D","F"
"1317","L2","D","L:D","F"
"1318","L2","D","L:D","F"
"1319","L2","D","L:D","F"
"1320","L2","D","L:D","F"
"1321","L2","D","L:D","F"
"1322","L2","D","L:D","F"
"1323","L2","D","L:D","F"
"1324","L2","D","L:D","F"
"1325","L2","D","L:D","F"
"1326","L2","D","L:D","F"
"1327","L2","D","L:D","F"
"1328","L2","D","L:D","F"
"1329","L2","D","L:D","F"
"1330","L2","D","L:D","F"
"1331","L2","D","L:D","F"
"1332","L2","D","L:D","F"
"1333","L2","D","L:D","F"
"1334","L2","D","L:D","F"
"1335","L2","D","L:D","F"
"1336","L2","D","L:D","F"
"1337","L2","D","L:D","F"
"1338","L2","D","L:D","F"
"1339","L2","D","L:D","F"
"1340","L2","D","L:D","F"
"1341","L2","D","L:D","F"
"1342","L2","D","L:D","F"
"1343","L2","D","L:D","F"
"1344","L2","D","L:D","F"
"1345","L2","D","L:D","F"
"1346","L2","D","L:D","F"
"1347","L2","D","L:D","F"
"1348","L2","D","L:D","F"
"1349","L2","D","L:D","F"
"1350","L2","D","L:D","F"
"1351","L2","D","L:D","F"
"1352","L2","D","L:D","F"
"1353","L2","D","L:D","F"
"1354","L2","D","L:D","F"
"1355","L2","D","L:D","F"
"1356","L2","D","L:D","F"
"1357","L2","D","L:D","F"
"1358","L2","D","L:D","F"
"1359","L2","D","L:D","F"
"1360","L2","D","L:D","F"
"1361","L2","D","L:D","F"
"1362","L2","D","L:D","F"
"1363","L2","D","L:D","F"
"1364","L2","D","L:D","F"
"1365","L3","D","L:D","M"
"1366","L3","D","L:D","M"
"1367","L3","D","L:D","M"
"1368","L3","D","L:D","M"
"1369","L3","D","L:D","M"
"1370","L3","D","L:D","M"
"1371","L3","D","L:D","M"
"1372","L3","D","L:D","M"
"1373","L3","D","L:D","M"
"1374","L3","D","L:D","M"
"1375","L3","D","L:D","M"
"1376","L3","D","L:D","M"
"1377","L3","D","L:D","M"
"1378","L3","D","L:D","M"
"1379","L3","D","L:D","M"
"1380","L3","D","L:D","M"
"1381","L3","D","L:D","M"
"1382","L3","D","L:D","M"
"1383","L3","D","L:D","M"
"1384","L3","D","L:D","M"
"1385","L3","D","L:D","M"
"1386","L3","D","L:D","M"
"1387","L3","D","L:D","M"
"1388","L3","D","L:D","M"
"1389","L3","D","L:D","M"
"1390","L3","D","L:D","M"
"1391","L3","D","L:D","M"
"1392","L3","D","L:D","M"
"1393","L3","D","L:D","M"
"1394","L3","D","L:D","M"
"1395","L3","D","L:D","M"
"1396","L3","D","L:D","M"
"1397","L3","D","L:D","M"
"1398","L3","D","L:D","M"
"1399","L3","D","L:D","M"
"1400","L3","D","L:D","M"
"1401","L3","D","L:D","M"
"1402","L3","D","L:D","M"
"1403","L3","D","L:D","M"
"1404","L3","D","L:D","M"
"1405","L3","D","L:D","M"
"1406","L3","D","L:D","M"
"1407","L3","D","L:D","M"
"1408","L3","D","L:D","M"
"1409","L3","D","L:D","M"
"1410","L3","D","L:D","M"
"1411","L3","D","L:D","M"
"1412","L3","D","L:D","M"
"1413","L3","D","L:D","M"
"1414","L3","D","L:D","M"
"1415","L3","D","L:D","M"
"1416","L3","D","L:D","M"
"1417","L3","D","L:D","M"
"1418","L3","D","L:D","M"
"1419","L3","D","L:D","M"
"1420","L3","D","L:D","M"
"1421","L3","D","L:D","M"
"1422","L3","D","L:D","M"
"1423","L3","D","L:D","M"
"1424","L3","D","L:D","M"
"1425","L3","D","L:D","M"
"1426","L3","D","L:D","M"
"1427","L3","D","L:D","M"
"1428","L3","D","L:D","M"
"1429","L3","D","L:D","M"
"1430","L3","D","L:D","M"
"1431","L3","D","L:D","M"
"1432","L3","D","L:D","M"
"1433","L3","D","L:D","M"
"1434","L3","D","L:D","M"
"1435","L3","D","L:D","M"
"1436","L3","D","L:D","M"
"1437","L3","D","L:D","M"
"1438","L3","D","L:D","M"
"1439","L3","D","L:D","M"
"1440","L3","D","L:D","M"
"1441","L3","D","L:D","M"
"1442","L3","D","L:D","M"
"1443","L3","D","L:D","M"
"1444","L3","D","L:D","M"
"1445","L3","D","L:D","M"
"1446","L3","D","L:D","M"
"1447","L3","D","L:D","M"
"1448","L3","D","L:D","M"
"1449","L3","D","L:D","M"
"1450","L3","D","L:D","M"
"1451","L3","D","L:D","M"
"1452","L3","D","L:D","M"
"1453","L3","D","L:D","M"
"1454","L3","D","L:D","M"
"1455","L3","D","L:D","M"
"1456","L3","D","L:D","M"
"1457","L3","D","L:D","M"
"1458","L3","D","L:D","M"
"1459","L3","D","L:D","M"
"1460","L3","D","L:D","M"
"1461","L3","D","L:D","M"
"1462","L3","D","L:D","M"
"1463","L3","D","L:D","M"
"1464","L3","D","L:D","M"
"1465","L3","D","L:D","M"
"1466","L3","D","L:D","M"
"1467","L3","D","L:D","M"
"1468","L3","D","L:D","M"
"1469","L3","D","L:D","M"
"1470","L3","D","L:D","M"
"1471","L3","D","L:D","M"
"1472","L3","D","L:D","M"
"1473","L3","D","L:D","M"
"1474","L3","D","L:D","M"
"1475","L3","D","L:D","M"
"1476","L3","D","L:D","M"
"1477","L3","D","L:D","M"
"1478","L3","D","L:D","M"
"1479","L3","D","L:D","M"
"1480","L3","D","L:D","M"
"1481","L3","D","L:D","M"
"1482","L3","D","L:D","M"
"1483","L3","D","L:D","M"
"1484","L3","D","L:D","M"
"1485","L3","D","L:D","M"
"1486","L3","D","L:D","M"
"1487","L3","D","L:D","M"
"1488","L3","D","L:D","M"
"1489","L3","D","L:D","M"
"1490","L3","D","L:D","M"
"1491","L3","D","L:D","M"
"1492","L3","D","L:D","M"
"1493","L3","D","L:D","M"
"1494","L3","D","L:D","M"
"1495","L3","D","L:D","M"
"1496","L3","D","L:D","M"
"1497","L3","D","L:D","M"
"1498","L3","D","L:D","M"
"1499","L3","D","L:D","M"
"1500","L3","D","L:D","M"
"1501","L3","D","L:D","M"
"1502","L3","D","L:D","M"
"1503","L3","D","L:D","M"
"1504","L3","D","L:D","M"
"1505","L3","D","L:D","M"
"1506","L3","D","L:D","M"
"1507","L3","D","L:D","M"
"1508","L3","D","L:D","M"
"1509","L3","D","L:D","F"
"1510","L3","D","L:D","F"
"1511","L3","D","L:D","F"
"1512","L3","D","L:D","F"
"1513","L3","D","L:D","F"
"1514","L3","D","L:D","F"
"1515","L3","D","L:D","F"
"1516","L3","D","L:D","F"
"1517","L3","D","L:D","F"
"1518","L3","D","L:D","F"
"1519","L3","D","L:D","F"
"1520","L3","D","L:D","F"
"1521","L3","D","L:D","F"
"1522","L3","D","L:D","F"
"1523","L3","D","L:D","F"
"1524","L3","D","L:D","F"
"1525","L3","D","L:D","F"
"1526","L3","D","L:D","F"
"1527","L3","D","L:D","F"
"1528","L3","D","L:D","F"
"1529","L3","D","L:D","F"
"1530","L3","D","L:D","F"
"1531","L3","D","L:D","F"
"1532","L3","D","L:D","F"
"1533","L3","D","L:D","F"
"1534","L3","D","L:D","F"
"1535","L3","D","L:D","F"
"1536","L3","D","L:D","F"
"1537","L3","D","L:D","F"
"1538","L3","D","L:D","F"
"1539","L3","D","L:D","F"
"1540","L3","D","L:D","F"
"1541","L3","D","L:D","F"
"1542","L3","D","L:D","F"
"1543","L3","D","L:D","F"
"1544","L3","D","L:D","F"
"1545","L3","D","L:D","F"
"1546","L3","D","L:D","F"
"1547","L3","D","L:D","F"
"1548","L3","D","L:D","F"
"1549","L3","D","L:D","F"
"1550","L3","D","L:D","F"
"1551","L3","D","L:D","F"
"1552","L3","D","L:D","F"
"1553","L3","D","L:D","F"
"1554","L3","D","L:D","F"
"1555","L3","D","L:D","F"
"1556","L3","D","L:D","F"
"1557","L3","D","L:D","F"
"1558","L3","D","L:D","F"
"1559","L3","D","L:D","F"
"1560","L3","D","L:D","F"
"1561","L3","D","L:D","F"
"1562","L3","D","L:D","F"
"1563","L3","D","L:D","F"
"1564","L3","D","L:D","F"
"1565","L3","D","L:D","F"
"1566","L3","D","L:D","F"
"1567","L3","D","L:D","F"
"1568","L3","D","L:D","F"
"1569","L3","D","L:D","F"
"1570","L3","D","L:D","F"
"1571","L3","D","L:D","F"
"1572","L3","D","L:D","F"
"1573","L3","D","L:D","F"
"1574","L3","D","L:D","F"
"1575","L3","D","L:D","F"
"1576","L3","D","L:D","F"
"1577","L3","D","L:D","F"
"1578","L3","D","L:D","F"
"1579","L3","D","L:D","F"
"1580","L3","D","L:D","F"
"1581","L3","D","L:D","F"
"1582","L3","D","L:D","F"
"1583","L3","D","L:D","F"
"1584","L3","D","L:D","F"
"1585","L3","D","L:D","F"
"1586","L3","D","L:D","F"
"1587","L3","D","L:D","F"
"1588","L3","D","L:D","F"
"1589","L3","D","L:D","F"
"1590","L3","D","L:D","F"
"1591","L3","D","L:D","F"
"1592","L3","D","L:D","F"
"1593","L3","D","L:D","F"
"1594","L3","D","L:D","F"
"1595","L3","D","L:D","F"
"1596","L3","D","L:D","F"
"1597","L3","D","L:D","F"
"1598","L3","D","L:D","F"
"1599","L3","D","L:D","F"
"1600","L3","D","L:D","F"
"1601","L3","D","L:D","F"
"1602","L3","D","L:D","F"
"1603","L3","D","L:D","F"
"1604","L3","D","L:D","F"
"1605","L3","D","L:D","F"
"1606","L3","D","L:D","F"
"1607","L3","D","L:D","F"
"1608","L3","D","L:D","F"
"1609","L3","D","L:D","F"
"1610","L3","D","L:D","F"
"1611","L3","D","L:D","F"
"1612","L3","D","L:D","F"
"1613","L3","D","L:D","F"
"1614","L3","D","L:D","F"
"1615","L3","D","L:D","F"
"1616","L3","D","L:D","F"
"1617","L3","D","L:D","F"
"1618","L3","D","L:D","F"
"1619","L3","D","L:D","F"
"1620","L3","D","L:D","F"
"1621","L3","D","L:D","F"
"1622","L3","D","L:D","F"
"1623","L3","D","L:D","F"
"1624","L3","D","L:D","F"
"1625","L3","D","L:D","F"
"1626","L3","D","L:D","F"
"1627","L3","D","L:D","F"
"1628","L3","D","L:D","F"
"1629","L3","D","L:D","F"
"1630","L3","D","L:D","F"
"1631","L3","D","L:D","F"
"1632","L3","D","L:D","F"
"1633","L3","D","L:D","F"
"1634","L3","D","L:D","F"
"1635","L3","D","L:D","F"
"1636","L3","D","L:D","F"
"1637","L3","D","L:D","F"
"1638","L3","D","L:D","F"
"1639","L3","D","L:D","F"
"1640","L3","D","L:D","F"
"1641","L3","D","L:D","F"
"1642","L3","D","L:D","F"
"1643","L3","D","L:D","F"
"1644","L3","D","L:D","F"
"1645","L3","D","L:D","F"
"1646","L3","D","L:D","F"
"1647","L3","D","L:D","F"
"1648","L3","D","L:D","F"
"1649","L3","D","L:D","F"
"1650","L3","D","L:D","F"
"1651","L3","D","L:D","F"
"1652","L3","D","L:D","F"
"1653","L3","D","L:D","F"
"1654","S1","D","S:D","M"
"1655","S1","D","S:D","M"
"1656","S1","D","S:D","M"
"1657","S1","D","S:D","M"
"1658","S1","D","S:D","M"
"1659","S1","D","S:D","M"
"1660","S1","D","S:D","M"
"1661","S1","D","S:D","M"
"1662","S1","D","S:D","M"
"1663","S1","D","S:D","M"
"1664","S1","D","S:D","M"
"1665","S1","D","S:D","M"
"1666","S1","D","S:D","M"
"1667","S1","D","S:D","M"
"1668","S1","D","S:D","M"
"1669","S1","D","S:D","M"
"1670","S1","D","S:D","M"
"1671","S1","D","S:D","M"
"1672","S1","D","S:D","M"
"1673","S1","D","S:D","M"
"1674","S1","D","S:D","M"
"1675","S1","D","S:D","M"
"1676","S1","D","S:D","M"
"1677","S1","D","S:D","M"
"1678","S1","D","S:D","M"
"1679","S1","D","S:D","M"
"1680","S1","D","S:D","M"
"1681","S1","D","S:D","M"
"1682","S1","D","S:D","M"
"1683","S1","D","S:D","M"
"1684","S1","D","S:D","M"
"1685","S1","D","S:D","M"
"1686","S1","D","S:D","M"
"1687","S1","D","S:D","M"
"1688","S1","D","S:D","M"
"1689","S1","D","S:D","M"
"1690","S1","D","S:D","M"
"1691","S1","D","S:D","M"
"1692","S1","D","S:D","M"
"1693","S1","D","S:D","M"
"1694","S1","D","S:D","M"
"1695","S1","D","S:D","M"
"1696","S1","D","S:D","M"
"1697","S1","D","S:D","M"
"1698","S1","D","S:D","M"
"1699","S1","D","S:D","M"
"1700","S1","D","S:D","M"
"1701","S1","D","S:D","M"
"1702","S1","D","S:D","M"
"1703","S1","D","S:D","M"
"1704","S1","D","S:D","M"
"1705","S1","D","S:D","M"
"1706","S1","D","S:D","M"
"1707","S1","D","S:D","M"
"1708","S1","D","S:D","M"
"1709","S1","D","S:D","M"
"1710","S1","D","S:D","M"
"1711","S1","D","S:D","M"
"1712","S1","D","S:D","M"
"1713","S1","D","S:D","M"
"1714","S1","D","S:D","M"
"1715","S1","D","S:D","M"
"1716","S1","D","S:D","M"
"1717","S1","D","S:D","M"
"1718","S1","D","S:D","M"
"1719","S1","D","S:D","M"
"1720","S1","D","S:D","M"
"1721","S1","D","S:D","M"
"1722","S1","D","S:D","M"
"1723","S1","D","S:D","M"
"1724","S1","D","S:D","M"
"1725","S1","D","S:D","M"
"1726","S1","D","S:D","M"
"1727","S1","D","S:D","M"
"1728","S1","D","S:D","M"
"1729","S1","D","S:D","M"
"1730","S1","D","S:D","M"
"1731","S1","D","S:D","M"
"1732","S1","D","S:D","M"
"1733","S1","D","S:D","M"
"1734","S1","D","S:D","M"
"1735","S1","D","S:D","M"
"1736","S1","D","S:D","M"
"1737","S1","D","S:D","M"
"1738","S1","D","S:D","M"
"1739","S1","D","S:D","M"
"1740","S1","D","S:D","M"
"1741","S1","D","S:D","M"
"1742","S1","D","S:D","M"
"1743","S1","D","S:D","M"
"1744","S1","D","S:D","M"
"1745","S1","D","S:D","M"
"1746","S1","D","S:D","M"
"1747","S1","D","S:D","M"
"1748","S1","D","S:D","M"
"1749","S1","D","S:D","M"
"1750","S1","D","S:D","M"
"1751","S1","D","S:D","M"
"1752","S1","D","S:D","M"
"1753","S1","D","S:D","M"
"1754","S1","D","S:D","M"
"1755","S1","D","S:D","M"
"1756","S1","D","S:D","M"
"1757","S1","D","S:D","M"
"1758","S1","D","S:D","M"
"1759","S1","D","S:D","M"
"1760","S1","D","S:D","M"
"1761","S1","D","S:D","M"
"1762","S1","D","S:D","F"
"1763","S1","D","S:D","F"
"1764","S1","D","S:D","F"
"1765","S1","D","S:D","F"
"1766","S1","D","S:D","F"
"1767","S1","D","S:D","F"
"1768","S1","D","S:D","F"
"1769","S1","D","S:D","F"
"1770","S1","D","S:D","F"
"1771","S1","D","S:D","F"
"1772","S1","D","S:D","F"
"1773","S1","D","S:D","F"
"1774","S1","D","S:D","F"
"1775","S1","D","S:D","F"
"1776","S1","D","S:D","F"
"1777","S1","D","S:D","F"
"1778","S1","D","S:D","F"
"1779","S1","D","S:D","F"
"1780","S1","D","S:D","F"
"1781","S1","D","S:D","F"
"1782","S1","D","S:D","F"
"1783","S1","D","S:D","F"
"1784","S1","D","S:D","F"
"1785","S1","D","S:D","F"
"1786","S1","D","S:D","F"
"1787","S1","D","S:D","F"
"1788","S1","D","S:D","F"
"1789","S1","D","S:D","F"
"1790","S1","D","S:D","F"
"1791","S1","D","S:D","F"
"1792","S1","D","S:D","F"
"1793","S1","D","S:D","F"
"1794","S1","D","S:D","F"
"1795","S1","D","S:D","F"
"1796","S1","D","S:D","F"
"1797","S1","D","S:D","F"
"1798","S1","D","S:D","F"
"1799","S1","D","S:D","F"
"1800","S1","D","S:D","F"
"1801","S1","D","S:D","F"
"1802","S1","D","S:D","F"
"1803","S1","D","S:D","F"
"1804","S1","D","S:D","F"
"1805","S1","D","S:D","F"
"1806","S1","D","S:D","F"
"1807","S1","D","S:D","F"
"1808","S1","D","S:D","F"
"1809","S1","D","S:D","F"
"1810","S1","D","S:D","F"
"1811","S1","D","S:D","F"
"1812","S1","D","S:D","F"
"1813","S1","D","S:D","F"
"1814","S1","D","S:D","F"
"1815","S1","D","S:D","F"
"1816","S1","D","S:D","F"
"1817","S1","D","S:D","F"
"1818","S1","D","S:D","F"
"1819","S1","D","S:D","F"
"1820","S1","D","S:D","F"
"1821","S1","D","S:D","F"
"1822","S1","D","S:D","F"
"1823","S1","D","S:D","F"
"1824","S1","D","S:D","F"
"1825","S1","D","S:D","F"
"1826","S1","D","S:D","F"
"1827","S1","D","S:D","F"
"1828","S1","D","S:D","F"
"1829","S1","D","S:D","F"
"1830","S1","D","S:D","F"
"1831","S1","D","S:D","F"
"1832","S1","D","S:D","F"
"1833","S1","D","S:D","F"
"1834","S1","D","S:D","F"
"1835","S1","D","S:D","F"
"1836","S1","D","S:D","F"
"1837","S1","D","S:D","F"
"1838","S1","D","S:D","F"
"1839","S1","D","S:D","F"
"1840","S1","D","S:D","F"
"1841","S1","D","S:D","F"
"1842","S1","D","S:D","F"
"1843","S1","D","S:D","F"
"1844","S1","D","S:D","F"
"1845","S1","D","S:D","F"
"1846","S1","D","S:D","F"
"1847","S1","D","S:D","F"
"1848","S1","D","S:D","F"
"1849","S1","D","S:D","F"
"1850","S1","D","S:D","F"
"1851","S1","D","S:D","F"
"1852","S1","D","S:D","F"
"1853","S1","D","S:D","F"
"1854","S1","D","S:D","F"
"1855","S1","D","S:D","F"
"1856","S1","D","S:D","F"
"1857","S2","D","S:D","M"
"1858","S2","D","S:D","M"
"1859","S2","D","S:D","M"
"1860","S2","D","S:D","M"
"1861","S2","D","S:D","M"
"1862","S2","D","S:D","M"
"1863","S2","D","S:D","M"
"1864","S2","D","S:D","M"
"1865","S2","D","S:D","M"
"1866","S2","D","S:D","M"
"1867","S2","D","S:D","M"
"1868","S2","D","S:D","M"
"1869","S2","D","S:D","M"
"1870","S2","D","S:D","M"
"1871","S2","D","S:D","M"
"1872","S2","D","S:D","M"
"1873","S2","D","S:D","M"
"1874","S2","D","S:D","M"
"1875","S2","D","S:D","M"
"1876","S2","D","S:D","M"
"1877","S2","D","S:D","M"
"1878","S2","D","S:D","M"
"1879","S2","D","S:D","M"
"1880","S2","D","S:D","M"
"1881","S2","D","S:D","M"
"1882","S2","D","S:D","M"
"1883","S2","D","S:D","M"
"1884","S2","D","S:D","M"
"1885","S2","D","S:D","M"
"1886","S2","D","S:D","M"
"1887","S2","D","S:D","M"
"1888","S2","D","S:D","M"
"1889","S2","D","S:D","M"
"1890","S2","D","S:D","M"
"1891","S2","D","S:D","M"
"1892","S2","D","S:D","M"
"1893","S2","D","S:D","M"
"1894","S2","D","S:D","M"
"1895","S2","D","S:D","M"
"1896","S2","D","S:D","M"
"1897","S2","D","S:D","M"
"1898","S2","D","S:D","M"
"1899","S2","D","S:D","M"
"1900","S2","D","S:D","M"
"1901","S2","D","S:D","M"
"1902","S2","D","S:D","M"
"1903","S2","D","S:D","M"
"1904","S2","D","S:D","M"
"1905","S2","D","S:D","M"
"1906","S2","D","S:D","M"
"1907","S2","D","S:D","M"
"1908","S2","D","S:D","M"
"1909","S2","D","S:D","M"
"1910","S2","D","S:D","F"
"1911","S2","D","S:D","F"
"1912","S2","D","S:D","F"
"1913","S2","D","S:D","F"
"1914","S2","D","S:D","F"
"1915","S2","D","S:D","F"
"1916","S2","D","S:D","F"
"1917","S2","D","S:D","F"
"1918","S2","D","S:D","F"
"1919","S2","D","S:D","F"
"1920","S2","D","S:D","F"
"1921","S2","D","S:D","F"
"1922","S2","D","S:D","F"
"1923","S2","D","S:D","F"
"1924","S2","D","S:D","F"
"1925","S2","D","S:D","F"
"1926","S2","D","S:D","F"
"1927","S2","D","S:D","F"
"1928","S2","D","S:D","F"
"1929","S2","D","S:D","F"
"1930","S2","D","S:D","F"
"1931","S2","D","S:D","F"
"1932","S2","D","S:D","F"
"1933","S2","D","S:D","F"
"1934","S2","D","S:D","F"
"1935","S2","D","S:D","F"
"1936","S2","D","S:D","F"
"1937","S2","D","S:D","F"
"1938","S2","D","S:D","F"
"1939","S2","D","S:D","F"
"1940","S2","D","S:D","F"
"1941","S2","D","S:D","F"
"1942","S2","D","S:D","F"
"1943","S2","D","S:D","F"
"1944","S2","D","S:D","F"
"1945","S2","D","S:D","F"
"1946","S2","D","S:D","F"
"1947","S2","D","S:D","F"
"1948","S2","D","S:D","F"
"1949","S2","D","S:D","F"
"1950","S2","D","S:D","F"
"1951","S2","D","S:D","F"
"1952","S2","D","S:D","F"
"1953","S2","D","S:D","F"
"1954","S2","D","S:D","F"
"1955","S2","D","S:D","F"
"1956","S2","D","S:D","F"
"1957","S2","D","S:D","F"
"1958","S2","D","S:D","F"
"1959","S2","D","S:D","F"
"1960","S2","D","S:D","F"
"1961","S2","D","S:D","F"
"1962","S2","D","S:D","F"
"1963","S2","D","S:D","F"
"1964","S2","D","S:D","F"
"1965","S2","D","S:D","F"
"1966","S2","D","S:D","F"
"1967","S2","D","S:D","F"
"1968","S3","D","S:D","M"
"1969","S3","D","S:D","M"
"1970","S3","D","S:D","M"
"1971","S3","D","S:D","M"
"1972","S3","D","S:D","M"
"1973","S3","D","S:D","M"
"1974","S3","D","S:D","M"
"1975","S3","D","S:D","M"
"1976","S3","D","S:D","M"
"1977","S3","D","S:D","M"
"1978","S3","D","S:D","M"
"1979","S3","D","S:D","M"
"1980","S3","D","S:D","M"
"1981","S3","D","S:D","M"
"1982","S3","D","S:D","M"
"1983","S3","D","S:D","M"
"1984","S3","D","S:D","M"
"1985","S3","D","S:D","M"
"1986","S3","D","S:D","M"
"1987","S3","D","S:D","M"
"1988","S3","D","S:D","M"
"1989","S3","D","S:D","M"
"1990","S3","D","S:D","M"
"1991","S3","D","S:D","M"
"1992","S3","D","S:D","M"
"1993","S3","D","S:D","M"
"1994","S3","D","S:D","M"
"1995","S3","D","S:D","M"
"1996","S3","D","S:D","M"
"1997","S3","D","S:D","M"
"1998","S3","D","S:D","M"
"1999","S3","D","S:D","M"
"2000","S3","D","S:D","M"
"2001","S3","D","S:D","M"
"2002","S3","D","S:D","M"
"2003","S3","D","S:D","M"
"2004","S3","D","S:D","M"
"2005","S3","D","S:D","M"
"2006","S3","D","S:D","M"
"2007","S3","D","S:D","M"
"2008","S3","D","S:D","M"
"2009","S3","D","S:D","M"
"2010","S3","D","S:D","M"
"2011","S3","D","S:D","M"
"2012","S3","D","S:D","M"
"2013","S3","D","S:D","M"
"2014","S3","D","S:D","M"
"2015","S3","D","S:D","M"
"2016","S3","D","S:D","M"
"2017","S3","D","S:D","F"
"2018","S3","D","S:D","F"
"2019","S3","D","S:D","F"
"2020","S3","D","S:D","F"
"2021","S3","D","S:D","F"
"2022","S3","D","S:D","F"
"2023","S3","D","S:D","F"
"2024","S3","D","S:D","F"
"2025","S3","D","S:D","F"
"2026","S3","D","S:D","F"
"2027","S3","D","S:D","F"
"2028","S3","D","S:D","F"
"2029","S3","D","S:D","F"
"2030","S3","D","S:D","F"
"2031","S3","D","S:D","F"
"2032","S3","D","S:D","F"
"2033","S3","D","S:D","F"
"2034","S3","D","S:D","F"
"2035","S3","D","S:D","F"
"2036","S3","D","S:D","F"
"2037","S3","D","S:D","F"
"2038","S3","D","S:D","F"
"2039","S3","D","S:D","F"
"2040","S3","D","S:D","F"
"2041","S3","D","S:D","F"
"2042","S3","D","S:D","F"
"2043","S3","D","S:D","F"
"2044","S3","D","S:D","F"
"2045","S3","D","S:D","F"
"2046","S3","D","S:D","F"
"2047","S3","D","S:D","F"
"2048","S3","D","S:D","F"
"2049","S3","D","S:D","F"
"2050","S3","D","S:D","F"
"2051","S3","D","S:D","F"
"2052","S3","D","S:D","F"
